bp_rp,g_rp,bp_g,g_abs_mag,teff_val,j_h,h_k,b_v,label
1.5739107131958008,0.8582239151000977,0.7156867980957031,-6.189494285700196,4186.27001953125,0.800999641418457,0.21000003814697266,0.0,1
2.236027240753174,1.0801315307617188,1.155895709991455,-1.3707543364034365,3750.673095703125,0.8600001335144043,0.23000001907348633,1.7100005149841309,1
2.0317516326904297,1.039933204650879,0.9918184280395508,-9.572917310903037,3898.009765625,0.9000005722045898,0.2349996566772461,1.489999771118164,1
1.3872652053833008,0.8042478561401367,0.5830173492431641,-0.7654361330152071,4621.13330078125,0.8730001449584961,0.5520000457763672,0.5400009155273438,1
1.8074169158935547,0.9339561462402344,0.8734607696533203,-2.339037068822943,3942.13671875,0.8499994277954102,0.18800067901611328,1.4799995422363281,1
2.0245180130004883,1.000441551208496,1.0240764617919922,-3.160630816151926,4062.530029296875,0.8409996032714844,0.22100067138671875,0.0,1
2.5333118438720703,1.1948232650756836,1.3384885787963867,-1.9670178860594945,3926.64501953125,0.9149999618530273,0.33900022506713867,0.7799997329711914,1
1.2403974533081055,0.7265958786010742,0.5138015747070312,0.4774178677698053,4953.5,0.6259994506835938,0.4650001525878906,0.9800004959106445,1
1.5696525573730469,0.8265285491943359,0.7431240081787109,-2.74869976249947,4298.58984375,0.702000617980957,0.18799972534179688,0.0,1
1.6998119354248047,0.9280815124511719,0.7717304229736328,-3.0269565612003433,4231.0,0.8229999542236328,0.2569999694824219,-2.6700000762939453,1
2.406658172607422,1.1455535888671875,1.2611045837402344,-4.428238424601005,3823.536376953125,0.8899993896484375,0.31599998474121094,0.0,1
3.5249667167663574,1.0572915077209473,2.46767520904541,-2.4453296926080235,3451.0,1.010000228881836,0.8899998664855957,2.0500001907348633,1
2.4926466941833496,1.1552047729492188,1.3374419212341309,-2.0911641134148837,3650.0,0.8999998569488525,0.23000001907348633,1.799999713897705,1
2.0011701583862305,1.0266504287719727,0.9745197296142578,-1.0494158199702284,3786.5224609375,1.5380001068115234,1.3030004501342773,0.8599987030029297,1
1.7450532913208008,0.9179534912109375,0.8270998001098633,-2.4970381296414956,4269.0,0.8249998092651367,0.3819999694824219,0.0,1
0.9288825988769531,0.6156845092773438,0.3131980895996094,-2.2039154996552313,5171.63330078125,1.7279996871948242,1.3580007553100586,0.0,1
2.008467674255371,1.124424934387207,0.8840427398681641,-0.953936441814772,3539.0,1.003000259399414,0.32199954986572266,1.0300006866455078,1
3.413898468017578,1.4516124725341797,1.9622859954833984,2.783254808907813,3754.739990234375,1.4159998893737793,1.9809999465942383,3.390000343322754,1
2.6099605560302734,1.5818462371826172,1.0281143188476562,-7.834065942100743,3665.333251953125,0.9659996032714844,0.5320000648498535,-1.1999998092651367,1
0.8565492630004883,0.518010139465332,0.33853912353515625,-0.2343889254210758,5581.669921875,0.3210000991821289,0.21899986267089844,1.1999998092651367,1
2.706423759460449,1.3336706161499023,1.3727531433105469,0.524279774988397,3850.85498046875,1.3969998359680176,1.441999912261963,0.0,1
1.6494455337524414,0.5677480697631836,1.0816974639892578,-3.006768853548124,3858.0,1.254000186920166,0.9219999313354492,0.8500003814697266,1
4.5263519287109375,1.4949054718017578,3.0314464569091797,0.7689463126451219,3291.333251953125,1.0440001487731934,0.3269999027252197,0.0,1
3.0172548294067383,1.2749309539794922,1.742323875427246,-1.897358311808734,3533.23486328125,0.9270000457763672,0.4010000228881836,1.7700004577636719,1
2.0614404678344727,1.0688447952270508,0.9925956726074219,-2.036282806886266,3978.16015625,1.1430001258850098,1.122999668121338,1.1800003051757812,1
3.4273767471313477,1.3374090194702148,2.089967727661133,-0.16826152467711353,3306.0,1.0629997253417969,0.39800024032592773,0.8499994277954102,1
1.372518539428711,0.7896556854248047,0.5828628540039062,-2.576707348901863,4763.5947265625,0.889000415802002,0.3359999656677246,0.8100004196166992,1
3.177103042602539,1.4339752197265625,1.7431278228759766,-0.5701487684616424,3862.020263671875,1.6449995040893555,0.8880000114440918,-0.010000228881835938,1
2.6078739166259766,1.2800960540771484,1.3277778625488281,-1.100341519282754,3816.034912109375,1.00600004196167,0.43200016021728516,-0.8000001907348633,1
2.0525197982788086,1.1734514236450195,0.8790683746337891,1.7845076895846184,4052.427490234375,1.9169998168945312,1.5149998664855957,0.31999969482421875,1
3.5462846755981445,1.3789386749267578,2.1673460006713867,0.6588649072601918,3666.0,1.053999900817871,0.4720001220703125,0.0,1
1.8267908096313477,0.9399423599243164,0.8868484497070312,3.7417065191197416,3940.75,0.7309999465942383,0.17599964141845703,0.0,1
2.564006805419922,1.183603286743164,1.3804035186767578,-2.8964770799211017,4018.853515625,1.0089998245239258,0.332000732421875,0.0,1
1.6386775970458984,0.9394426345825195,0.6992349624633789,-2.590518454769068,4334.66650390625,1.694000244140625,1.4439992904663086,0.0,1
0.7838821411132812,0.6551780700683594,0.12870407104492188,0.524898882462125,5286.89990234375,2.0480003356933594,1.811999797821045,0.0,1
0.8183679580688477,0.7441482543945312,0.0742197036743164,0.4975535794699404,5286.89990234375,1.8279995918273926,1.620999813079834,0.0,1
2.505046844482422,1.2121648788452148,1.292881965637207,-4.612639367080288,3812.054931640625,0.9310007095336914,0.3189997673034668,1.1499996185302734,1
1.6598901748657227,0.9624671936035156,0.697422981262207,-3.4490864047528866,4304.75,0.0,0.0,0.0,1
2.290888786315918,1.1047210693359375,1.1861677169799805,-1.084464196605385,3985.389892578125,0.8449997901916504,0.34200000762939453,1.2690000534057617,1
1.6156511306762695,0.8672313690185547,0.7484197616577148,-3.1628503710792657,4075.6533203125,0.7890000343322754,0.15599966049194336,1.3200006484985352,1
5.770524978637695,1.6258659362792969,4.144659042358398,-0.17162698807976184,3284.333251953125,1.384000301361084,0.8680000305175781,0.0,1
1.984506607055664,0.9826021194458008,1.0019044876098633,-1.9101085852951378,3799.5,0.8810005187988281,0.26999950408935547,0.0,1
2.078990936279297,1.0574560165405273,1.0215349197387695,-5.587133478200226,3659.0,0.9930000305175781,0.42100048065185547,0.0,1
2.2324047088623047,1.1544914245605469,1.0779132843017578,-5.542164037678518,3571.0,0.9559993743896484,0.38700056076049805,0.9899997711181641,1
5.468471527099609,1.610814094543457,3.8576574325561523,5.803582069958711,3284.666748046875,1.6510000228881836,1.3880000114440918,0.0,1
2.440814971923828,1.1298913955688477,1.3109235763549805,-1.8229918865431216,3763.946533203125,1.0240001678466797,0.3080000877380371,1.140000343322754,1
3.015835762023926,1.3219499588012695,1.6938858032226562,-1.3209794048428023,4070.3447265625,1.1319994926452637,0.49700021743774414,-0.5299997329711914,1
2.5652036666870117,1.1855382919311523,1.3796653747558594,-0.9521811637208586,3455.5,0.8910007476806641,0.4249997138977051,0.0,1
2.0140953063964844,1.0899629592895508,0.9241323471069336,-4.8990902767633,4022.8349609375,0.8479995727539062,0.2800002098083496,0.6100006103515625,1
2.8117504119873047,1.3310298919677734,1.4807205200195312,-0.08310029081224712,4618.93994140625,1.064000129699707,0.5089998245239258,0.0,1
1.4473800659179688,0.8519811630249023,0.5953989028930664,-4.330491102620734,4449.21337890625,0.869999885559082,0.41300010681152344,0.0,1
2.2091331481933594,1.0574312210083008,1.1517019271850586,-1.8071605384241956,4024.7099609375,0.9119997024536133,0.3450002670288086,0.0,1
3.240340232849121,1.42437744140625,1.815962791442871,-1.8467145568710066,3920.6796875,2.0380001068115234,1.364999771118164,0.0,1
4.663043022155762,1.4986867904663086,3.164356231689453,1.5529379451995808,3296.666748046875,1.1309995651245117,0.4739999771118164,2.7100000381469727,1
3.1822996139526367,1.2960100173950195,1.8862895965576172,-0.28529028142694557,4065.0,1.2540006637573242,0.3919997215270996,0.0,1
1.615738868713379,0.8533258438110352,0.7624130249023438,-1.2043187357031258,4285.66650390625,0.6710004806518555,0.2480001449584961,1.2800006866455078,1
4.665521621704102,1.5553550720214844,3.110166549682617,0.30732894107976705,3316.0,1.258000373840332,0.6069998741149902,0.0,1
4.071149826049805,1.4948015213012695,2.576348304748535,0.2723559896431098,3349.0,1.1079998016357422,0.5659999847412109,0.0,1
3.623117446899414,1.3862333297729492,2.236884117126465,2.6329706590898247,3682.544921875,1.1449995040893555,0.44099998474121094,0.0,1
2.7938241958618164,1.2680158615112305,1.525808334350586,-1.7236869960094054,4336.2978515625,1.1500005722045898,0.5900001525878906,0.0,1
3.7835302352905273,1.56524658203125,2.2182836532592773,0.5139228923675425,3407.666748046875,1.3970003128051758,0.7189998626708984,2.3800010681152344,1
3.583311080932617,1.390721321105957,2.19258975982666,-10.745486132865974,3772.46240234375,1.3100004196166992,0.5289993286132812,0.0,1
4.221444129943848,1.5164833068847656,2.704960823059082,-3.1874915300230526,3353.75,1.2110004425048828,0.5799999237060547,0.0,1
3.0641603469848633,1.3599529266357422,1.704207420349121,-5.878016754822788,4431.67529296875,1.059000015258789,0.5049996376037598,0.0,1
2.2713747024536133,1.2248725891113281,1.0465021133422852,-1.0349948356632943,3785.536376953125,1.7819995880126953,1.6840004920959473,0.0,1
2.859829902648926,1.365992546081543,1.4938373565673828,-1.334686078380905,3771.014892578125,1.2239999771118164,0.6760005950927734,0.0,1
3.745861053466797,1.412522315979004,2.333338737487793,0.5794007302168787,3348.0,1.048999309539795,0.4630002975463867,0.0,1
2.679965019226074,1.2601375579833984,1.4198274612426758,-1.4961491183490345,4275.43994140625,0.9219999313354492,0.4010000228881836,0.5299997329711914,1
3.684678077697754,1.4215288162231445,2.2631492614746094,2.675240254869834,3709.0,1.2770004272460938,0.4889998435974121,2.270000457763672,1
2.245926856994629,1.1633777618408203,1.0825490951538086,-3.6801311807834907,3665.5,0.9580001831054688,0.3959999084472656,0.0,1
5.03665828704834,1.735121726989746,3.3015365600585938,4.379214598787723,3288.333251953125,1.4090003967285156,0.754000186920166,0.0,1
2.0571746826171875,1.0424175262451172,1.0147571563720703,-1.7140690240745258,4030.77001953125,0.7790002822875977,0.3579998016357422,7.989999771118164,1
3.373532295227051,1.4385643005371094,1.9349679946899414,-2.102567556458194,3655.300048828125,1.197000503540039,0.5999994277954102,0.0,1
0.9532294273376465,0.5808987617492676,0.3723306655883789,-3.2122788865210232,5385.75,0.2199997901916504,0.10400009155273438,0.5600004196166992,1
2.365884780883789,1.2633962631225586,1.1024885177612305,-0.16584752156412108,3600.0,1.2819995880126953,0.7379999160766602,-5.5,1
3.255784034729004,1.4510908126831055,1.8046932220458984,-1.922452465054775,3894.03515625,1.1900005340576172,0.5260000228881836,0.0,1
3.2894229888916016,1.3709449768066406,1.918478012084961,-0.38453665367755363,3338.0,0.0,0.0,0.0,1
3.3615474700927734,1.347672462463379,2.0138750076293945,1.9958839574958347,4297.6298828125,1.1510000228881836,0.46899986267089844,0.0,1
2.1889781951904297,1.0603609085083008,1.128617286682129,-1.3181804733588258,4004.73486328125,0.9629993438720703,0.2560005187988281,-0.6000003814697266,1
4.959900856018066,1.5968618392944336,3.363039016723633,1.2238538557540402,3318.666748046875,1.3619999885559082,0.5719995498657227,0.0,1
2.439167022705078,1.2884836196899414,1.1506834030151367,-4.775970573938956,3825.455078125,1.248000144958496,0.7070002555847168,0.0,1
3.4410877227783203,1.385697364807129,2.0553903579711914,-0.755366401213653,4065.0,1.1419997215270996,0.4200000762939453,-2.7100000381469727,1
1.7337608337402344,1.1568918228149414,0.576869010925293,-0.29166449259361826,4637.5498046875,1.0260000228881836,0.7619996070861816,0.0,1
2.2789974212646484,1.0892505645751953,1.1897468566894531,-1.0397608915266439,3851.044921875,0.9659996032714844,0.2700004577636719,0.0,1
1.4914684295654297,0.8155279159545898,0.6759405136108398,2.00421036728323,4454.60986328125,0.8239994049072266,0.6070003509521484,1.0,1
2.634969711303711,1.2251558303833008,1.4098138809204102,-2.003171735170362,3710.666748046875,0.9429998397827148,0.3359999656677246,0.0,1
3.950911521911621,1.425065040588379,2.525846481323242,0.02757212052594582,3290.0,1.2730002403259277,0.48799991607666016,0.0,1
2.472768783569336,1.1589279174804688,1.3138408660888672,-0.3915747186959422,3657.012451171875,0.9119997024536133,0.31600046157836914,-2.1999998092651367,1
1.9777822494506836,1.042673110961914,0.9351091384887695,-2.2050581519125103,4166.06982421875,0.88800048828125,0.30900001525878906,0.0,1
3.238102912902832,1.3666753768920898,1.8714275360107422,-1.274548193384085,4040.963623046875,1.0160002708435059,0.3639998435974121,-1.6000003814697266,1
3.081223487854004,1.3148574829101562,1.7663660049438477,0.08349336031124466,4220.74267578125,0.9329996109008789,0.430999755859375,0.0,1
2.8073339462280273,1.2403411865234375,1.5669927597045898,-3.339294295661716,3774.669921875,0.9930000305175781,0.3280000686645508,0.5,1
3.488361358642578,1.309560775756836,2.178800582885742,0.09798123491626143,3295.25,1.2049999237060547,0.5240001678466797,-1.8999996185302734,1
2.8986282348632812,1.328963279724121,1.5696649551391602,-1.220341676862656,4577.47998046875,0.9320001602172852,0.36100006103515625,0.0,1
2.274211883544922,1.1292839050292969,1.144927978515625,-1.5026068120878726,3851.110107421875,0.9079999923706055,0.2739996910095215,0.0,1
3.523984909057617,1.3572053909301758,2.1667795181274414,-0.06298282134175182,3319.5,1.0420002937316895,0.4699997901916504,0.0,1
2.397186279296875,1.1901435852050781,1.2070426940917969,-1.5648729786595936,3726.2099609375,0.9549999237060547,0.3839998245239258,0.0,1
3.8458547592163086,1.4168510437011719,2.4290037155151367,-0.22055493209909116,3335.0,1.1540002822875977,0.45600032806396484,0.0,1
2.5167856216430664,1.2122392654418945,1.3045463562011719,-1.4813325613817483,3431.0,0.9900007247924805,0.3209991455078125,0.0,1
1.772995948791504,0.9590864181518555,0.8139095306396484,-2.5204006766263802,4166.5,0.9670000076293945,0.2569999694824219,0.6800003051757812,1
2.473876953125,1.1424798965454102,1.3313970565795898,-2.6424695402377196,3775.14990234375,0.9239997863769531,0.2560000419616699,1.760000228881836,1
1.6452465057373047,0.9259195327758789,0.7193269729614258,-3.2168486985491285,4342.41015625,0.7790002822875977,0.3530001640319824,3.9599995613098145,1
1.120758056640625,0.839599609375,0.281158447265625,3.1301560359053013,5095.63330078125,2.314999580383301,1.7830004692077637,0.0,1
1.14202880859375,0.6695165634155273,0.47251224517822266,-3.381596365647873,5001.14990234375,0.995999813079834,0.4159998893737793,-0.09000015258789062,1
2.7797470092773438,1.2574653625488281,1.5222816467285156,-2.5182926980595326,3749.18994140625,0.9479999542236328,0.33099985122680664,0.8199996948242188,1
3.070347785949707,1.3352985382080078,1.7350492477416992,-2.4866885578932525,3762.150146484375,1.053999900817871,0.5150003433227539,-2.444000244140625,1
2.7895641326904297,1.242523193359375,1.5470409393310547,-1.0947432765532383,3904.360107421875,0.991999626159668,0.3429999351501465,0.0,1
2.4492483139038086,1.1652021408081055,1.2840461730957031,-0.3133835173881536,3482.0,0.9530000686645508,0.3959994316101074,0.0,1
3.5157155990600586,1.3623380661010742,2.1533775329589844,-1.3896671510944287,3586.079833984375,1.0959997177124023,0.4759998321533203,0.0,1
1.9193687438964844,0.9750242233276367,0.9443445205688477,-3.3161234835713103,3880.25,0.7960004806518555,0.2739996910095215,1.5,1
2.726551055908203,1.254720687866211,1.4718303680419922,-1.1274425679707178,3836.619873046875,1.0089998245239258,0.4439997673034668,-2.1999998092651367,1
2.4108963012695312,1.1542015075683594,1.2566947937011719,-2.3323417255238503,3547.333251953125,0.9620003700256348,0.3209996223449707,-1.5,1
2.1347551345825195,1.1445770263671875,0.990178108215332,-3.2211978014112432,3868.7548828125,0.7209997177124023,0.30100011825561523,0.0,1
3.6812543869018555,1.4233551025390625,2.257899284362793,0.9879645312510519,3749.614990234375,1.1289997100830078,0.5729999542236328,0.0,1
3.2114906311035156,1.3065872192382812,1.9049034118652344,-1.2026757560509083,4058.3076171875,0.0,0.0,1.869999885559082,1
2.6466798782348633,1.2223129272460938,1.4243669509887695,-0.26967394675428835,3523.0,0.9970002174377441,0.33699989318847656,0.6499996185302734,1
1.7331371307373047,0.9305791854858398,0.8025579452514648,-4.05389506980892,4188.69970703125,0.8080000877380371,0.4219999313354492,0.0,1
3.917173385620117,1.4135065078735352,2.503666877746582,-2.421294188832036,3307.0,1.1379995346069336,0.43900012969970703,0.0,1
3.2940359115600586,1.3426027297973633,1.9514331817626953,-3.278889404317926,4456.2451171875,1.0789995193481445,0.3920001983642578,0.0,1
0.23261165618896484,0.16765689849853516,0.06495475769042969,-0.5582932434710788,8556.0,0.010999679565429688,-0.024000167846679688,0.07999992370605469,1
1.395294189453125,0.8142719268798828,0.5810222625732422,-3.885464576252197,4762.66015625,0.9679999351501465,0.33900022506713867,1.2200002670288086,1
3.918208599090576,1.391157627105713,2.5270509719848633,-0.594204304546297,3709.0,1.1099999845027924,0.3499999940395355,1.6900005340576172,1
3.2499208450317383,1.2902488708496094,1.959671974182129,-0.5557173816112879,3305.666748046875,0.9750003814697266,0.4029998779296875,0.0,1
1.2417879104614258,1.002150535583496,0.2396373748779297,1.88706492708452,5000.0,1.5999999046325684,1.3660001754760742,1.2799997329711914,1
3.0287351608276367,1.3029422760009766,1.7257928848266602,-1.2595606562796746,4011.2275390625,0.9499998092651367,0.39799976348876953,0.0,1
2.9613265991210938,1.2919130325317383,1.6694135665893555,-2.4183412523424934,4142.806640625,1.000999927520752,0.3540000915527344,2.070000648498535,1
1.993133544921875,1.0335073471069336,0.9596261978149414,-4.049958605047543,3995.875,0.9280004501342773,0.23999977111816406,0.0,1
0.5346784591674805,0.6315813064575195,-0.09690284729003906,-6.867747707853653,5952.0,1.2290000915527344,1.0409998893737793,0.0,1
1.0989065170288086,0.8852958679199219,0.21361064910888672,3.7111881933431476,5215.1748046875,1.2230000495910645,1.1770000457763672,0.5199995040893555,1
2.3152475357055664,1.18719482421875,1.1280527114868164,-2.4648196563259717,3598.22509765625,0.8769998550415039,0.4219999313354492,0.26000022888183594,1
1.6887149810791016,0.8911266326904297,0.7975883483886719,-2.7589087743310365,4340.0,0.7899999618530273,0.17199993133544922,0.0,1
1.8751487731933594,0.9600734710693359,0.9150753021240234,-2.995825945689667,3793.0,0.9110002517700195,0.2049999237060547,0.0,1
2.6760034561157227,1.1754398345947266,1.500563621520996,-2.544150308345543,3539.0,0.8480000495910645,0.34999990463256836,1.7799997329711914,1
2.6240291595458984,1.2969980239868164,1.327031135559082,-1.5705919193344293,4315.17236328125,0.9720005989074707,0.4419999122619629,0.0,1
5.95290470123291,1.7666683197021484,4.186236381530762,-1.0848077196140764,3280.25,1.3470001220703125,1.190999984741211,1.3600006103515625,1
1.1306266784667969,0.6619644165039062,0.4686622619628906,-0.0205367806801533,4997.0,0.5069999694824219,0.18400001525878906,0.9099998474121094,1
2.087327003479004,1.1104540824890137,0.9768729209899902,-2.802892077146149,4147.66650390625,0.8410000801086426,0.30899977684020996,0.7600002288818359,1
3.9508609771728516,1.9009580612182617,2.04990291595459,-2.6156065245273297,3798.364990234375,0.9320006370544434,0.42100000381469727,0.0,1
2.1342153549194336,1.1075878143310547,1.026627540588379,-2.4326420542176486,3804.65234375,0.9029998779296875,0.39499998092651367,1.3500003814697266,1
1.1706313999999998,0.66566086,0.50497055,0.7387309439816221,4933.8027,0.4489998817443848,0.14100027084350586,1.0500001907348633,2
1.5259829,0.81552505,0.7104578,0.6882804809221668,4261.585,0.8460001945495605,0.2569999694824219,1.3400001525878906,2
1.159275,0.662241,0.49703407,0.6682170614297007,4966.7734,0.4960002899169922,0.12099981307983397,1.130000114440918,2
2.5713139,1.1756716,1.3956423,-1.255444518824557,3594.0,0.8870000839233398,0.27300000190734863,1.6199998855590818,2
-0.11833048,-0.07837105,-0.03995943,-0.7903433214947491,9164.0,0.01699972152709961,-0.01699972152709961,-0.11999988555908205,2
1.2148132,0.6823044,0.53250885,0.4565499621362133,4736.3335,0.5030000209808351,0.20199990272521973,1.0929999351501465,2
1.4092083,0.7687979,0.6404104,0.7151625872049241,4444.393,0.5349998474121094,0.1960000991821289,1.2100000381469729,2
0.20283556,0.13925743,0.06357813,1.6529823043308305,8086.75,0.006999969482421875,0.06199979782104492,0.1529998779296875,2
1.9028769,0.96466875,0.9382081,-0.8557729274772043,3950.0,0.9349999427795409,-0.014999985694885254,1.5500001907348633,2
1.3931351,0.7591543000000001,0.63398075,-0.0125545017490154,4370.0,0.565000057220459,0.20799994468688965,1.2210001945495603,2
0.89464283,0.5319071,0.36273575,3.6056487825394505,5482.7466,0.2609996795654297,0.09399986267089844,0.6800003051757812,2
2.4523277,1.1266298000000001,1.3256979,-1.1470600662252597,3624.9465,0.9009995460510254,0.3020000457763672,2.0299997329711914,2
0.79023075,0.51343536,0.2767954,4.339514359892989,5859.0,0.2849998474121094,0.062000274658203125,0.6000003814697266,2
2.9345512,1.2524242,1.6821270000000001,-0.7500271291077141,3301.0,0.8709998130798341,0.3340001106262207,1.5900001525878906,2
1.4974575,0.805192,0.6922655,1.6189031024625926,4326.5376,0.5980005264282227,0.1639995574951172,2.399999618530273,2
1.1611771999999998,0.6620159000000001,0.49916124,1.0488214225863042,4888.73,0.4630002975463867,0.125,1.020000457763672,2
1.2629457,0.71628475,0.5466609,1.3016226576275898,4712.7,0.6810002326965332,0.055999755859375,1.1099996566772459,2
1.0302672,0.62072706,0.40954018,1.3785509749491105,5096.4526,0.4289999008178711,0.08800029754638672,0.8099999427795409,2
1.1994128000000002,0.67828846,0.52112436,1.4886340258687287,4806.385,0.4809999465942383,0.1679997444152832,1.0399999618530271,2
1.3383756000000002,0.73925924,0.5991163,1.0275889684333634,4606.3335,0.3399996757507324,0.3700003623962401,1.1800003051757812,2
1.9308839,0.9628453000000001,0.96803856,-0.4087841726612176,4035.8203,0.7579998970031738,0.2380003929138184,1.6300001144409182,2
1.6926746,0.881217,0.81145763,2.324971194579099,4152.72,0.5999999046325684,0.17200040817260742,1.020000457763672,2
2.0708436999999997,1.0085468,1.0622969,-1.003341847237543,3902.3398,0.8529996871948242,0.2090001106262207,0.8400001525878906,2
1.1637753999999998,0.6680298000000001,0.49574566,2.889643506957799,4951.79,0.3429994583129883,0.08800029754638672,0.5399999618530273,2
1.3060374,0.72775507,0.57828236,0.5566114025794278,4650.737,0.4930000305175781,0.1700000762939453,1.0899996757507324,2
1.3070035,0.72965384,0.57734966,1.2646563104703257,4633.5,0.5300002098083496,0.1269998550415039,1.0699996948242188,2
0.3550763,0.23621035,0.11886597,2.7466643483706523,7508.0,0.037000179290771484,0.03899955749511719,0.2699995040893555,2
1.4165807,0.7714658000000001,0.6451149,1.1313248733879409,4531.2,0.6929998397827148,0.12099981307983397,1.2799997329711914,2
1.5877132,0.84070826,0.747005,0.06309780798500597,4268.9,0.8409996032714844,0.1400003433227539,1.4399995803833008,2
0.26171875,0.1807065,0.08101225,2.179707525411436,7867.5,0.03299999237060547,0.07300043106079103,0.16000032424926758,2
2.6551557,1.1904888,1.4646668,-2.152209688040473,3572.9424,1.0729999542236328,0.3650000095367432,1.6400003433227541,2
2.0543122,1.0068898000000002,1.0474224,0.7415755526506373,3803.875,0.8479995727539062,0.22300004959106445,1.7200002670288086,2
2.8601704,1.2195187,1.6406517,4.015669979761681,3687.3052,0.9100003242492676,0.2999997138977051,2.3600006103515625,2
2.0174189,1.0049105,1.0125084,7.882901986223921,3731.75,0.689000129699707,0.2220001220703125,1.0999984741210938,2
0.83711624,0.5030985,0.33401775,4.846185710392142,5701.3667,0.2969999313354492,0.06299972534179688,0.7200002670288086,2
1.2276897,0.6920552,0.5356345,2.1347159576672734,4805.0,0.4900002479553223,0.14099979400634766,1.0699996948242188,2
1.8112202000000002,0.9250927,0.8861275,-1.308059247700374,4022.005,0.7109999656677246,0.1970000267028809,1.579999923706055,2
1.8933495999999999,0.95232105,0.9410286,0.6190386692056471,3940.76,0.7139997482299805,0.2740001678466797,1.5500001907348633,2
1.484992,0.8007373999999999,0.68425465,1.5889498106642908,4305.5225,0.5950002670288086,0.16099977493286133,1.3100004196166992,2
1.3260688999999999,0.7350435000000001,0.59102535,-0.1241694677998435,4667.775,0.5320000648498535,0.12599992752075195,1.0900001525878906,2
0.28404808,0.2024889,0.08155918,-0.03686650292918259,8478.333,0.01100015640258789,-0.032000064849853516,0.1400003433227539,2
2.1133819,1.0233898000000001,1.089992,-2.3573514748640867,3891.0,0.9019999504089355,0.31999993324279785,1.920000076293945,2
0.48843575,0.31542587,0.17300987,2.413423017159369,6989.233,0.08699989318847656,0.019999980926513672,0.3299999237060547,2
1.388536,0.7635536,0.62498236,-1.1277703240237678,4600.467000000001,0.5260000228881836,0.15000009536743164,1.200000286102295,2
1.1781313,0.6571033000000001,0.52102804,-1.0446814685610697,4720.0,0.4800000190734863,0.14999985694885254,1.0300002098083496,2
1.311616,0.72554016,0.5860758,0.8514431727546974,4741.75,0.4600000381469727,0.2239999771118164,1.190000057220459,2
1.5642114,0.833406,0.7308054,-0.19636641310850853,4172.6665,0.7170000076293945,0.18499994277954104,1.420000076293945,2
2.2219548,1.0584784,1.1634765,-0.3822231911933951,3782.17,0.8540000915527344,0.09500002861022948,1.5520000457763672,2
1.1816678,0.6754298000000001,0.506238,1.5380119803512766,4909.0,0.5019998550415039,0.08800029754638672,1.0,2
1.2369571000000001,0.6964412,0.5405159,0.6198255268935107,4785.1074,0.4629998207092285,0.15000009536743164,1.0899996757507324,2
1.4145975,0.7716975,0.6429,0.1055244573236802,4460.69,0.6259999275207521,0.17399978637695312,1.2400002479553225,2
1.1698393999999999,0.67109823,0.49874115,-0.5062348951868874,4901.5,0.3689999580383301,0.07200002670288086,1.0289998054504397,2
1.384469,0.75970745,0.6247616,-0.10520543353434776,4572.24,0.5979995727539062,0.14100027084350586,1.2100005149841309,2
1.5756638,0.8297651,0.7458986999999999,-0.36031173634954783,4272.0,0.7249999046325684,0.10800004005432128,1.4070000648498535,2
1.2253642,0.6920028,0.53336143,-0.02758893112112837,4733.75,0.5059995651245117,0.11400032043457033,1.0199995040893557,2
1.6650357,0.8698014999999999,0.7952342,-0.5393783621233368,4092.4302,0.7799999713897705,0.11699986457824707,1.520000457763672,2
1.1572771000000002,0.661397,0.49588013,0.8524693681388449,4994.8164,0.4559998512268066,0.11600017547607422,0.979999542236328,2
1.1637249,0.6610031,0.5027218,3.45037498959352,4959.498,0.4209995269775391,0.14099979400634766,1.0900001525878906,2
0.52359104,0.3377962,0.18579483,1.133684390459191,6778.7,0.1979999542236328,0.09200000762939453,0.380000114440918,2
1.2664881000000001,0.7090969,0.55739117,0.8397365860647845,4786.025,0.5439996719360352,0.11299991607666016,1.130000114440918,2
1.1969023,0.6772013000000001,0.519701,1.1641457735686895,4850.0,0.5130000114440918,0.13000011444091794,1.1099996566772459,2
1.1203527,0.64262295,0.4777298,1.0061941352363153,4928.875,0.4479999542236328,0.1419997215270996,0.9200000762939452,2
0.5936861,0.39065170000000005,0.2030344,0.0,6666.335,0.18900012969970706,0.08699989318847656,0.3099994659423828,2
0.48524284,0.30533314,0.17990970000000003,1.6511418980449852,7012.025,0.11699962615966795,0.0390005111694336,0.3299999237060547,2
0.65693474,0.40812683,0.24880789999999997,1.867552724404796,6302.76,0.19099998474121094,0.08500003814697266,0.4299993515014648,2
1.1649408,0.66230774,0.5026331,0.4004581122800701,4850.0,0.4730000495910645,0.12599992752075195,1.0,2
1.1092309999999999,0.6356783,0.4735527,0.8098806409191877,4956.45,0.4549999237060547,0.12400007247924805,0.9400005340576172,2
1.1512008,0.66076374,0.49043703,0.35125052057219186,4881.0,0.49299979209899897,-0.009999990463256836,0.993000030517578,2
-0.084569454,-0.048944472999999995,-0.03562498,-1.5215017012928786,8765.333,-0.0820002555847168,0.02300024032592773,-0.09000015258789062,2
1.2560844,0.7006378000000001,0.5554465999999999,0.6954081045143745,4749.225,0.5830001831054688,0.13199949264526367,0.9600000381469728,2
1.2264891000000002,0.694293,0.53219604,0.7360612796399977,4842.79,0.5699996948242188,0.12400007247924805,1.1799993515014648,2
1.1070642,0.63698673,0.4700775,0.022297208453888828,4972.2466,0.4250001907348633,0.1380000114440918,0.9300003051757812,2
1.3259907,0.7309971,0.5949936,1.1201142595472129,4633.4,0.5409998893737793,0.14300012588500974,1.239999771118164,2
1.310741,0.7286339,0.58210707,0.5318076583221796,4584.5,0.67799973487854,0.25100016593933105,1.1370000839233398,2
1.841352,0.9383507,0.9030013000000001,-1.365568845253895,3930.125,0.810999870300293,0.1960000991821289,1.510000228881836,2
0.44665623,0.29181957,0.15483665,3.042496063307661,7129.75,0.180999755859375,-0.012000083923339844,0.3000001907348633,2
1.5699358,0.8311023999999999,0.7388334,-0.2941027629764612,4201.893,0.6540002822875977,0.19000005722045896,1.380000114440918,2
1.1461325,0.6555251999999999,0.49060726,0.2949335223909593,4966.86,0.1509995460510254,0.3860001564025879,1.0000004768371582,2
1.5000248,0.80639935,0.69362545,0.3360334594000314,4264.35,0.6130003929138184,0.1419997215270996,1.239999771118164,2
1.4107180000000001,0.7725811,0.63813686,1.4787928714114835,4575.19,0.5279998779296875,0.13499975204467773,1.1100006103515625,2
1.660234,0.8716769,0.78855705,0.2965335335284429,4140.0,0.7079999446868896,0.25,1.4379997253417969,2
1.6558943,0.86684036,0.7890539000000001,2.2086095202486007,4170.39,0.6139998435974121,0.17799997329711914,1.4300003051757812,2
1.1371255,0.67698336,0.46014214,-3.560668080785998,4964.25,0.23000001907348636,0.12800025939941406,0.6599993705749512,2
0.43108082,0.3074484,0.12363243,-3.2822297835585066,7604.5,0.13899993896484375,0.2309999465942383,0.0030002593994140625,2
0.44147299999999995,0.28791237,0.15356064,0.8848135150753969,7470.75,0.03699970245361328,0.009000778198242188,0.3260002136230469,2
1.4737768,0.7995548000000001,0.674222,1.4873427493121982,4447.6,0.5339999198913574,0.1659998893737793,1.1999998092651367,2
0.654346,0.4449401,0.20940589999999998,-0.5631830016592545,6489.75,0.08099985122680664,0.037000179290771484,0.3599996566772461,2
0.5192260999999999,0.34379673,0.17542934,1.6695732243405883,7119.6665,0.028000831604003903,0.08099937438964844,0.3299999237060547,2
0.63528347,0.39764214,0.23764133,3.746472363024125,6420.8496,0.2049999237060547,0.06599998474121094,0.4600000381469727,2
1.2539878,0.70181894,0.55216885,1.013468336167346,4657.3335,0.6080000400543213,0.1809999942779541,1.1050000190734863,2
1.8413171999999998,0.9355935999999999,0.9057235999999999,-0.8504309695668866,3902.2434,0.6310000419616699,0.20099973678588867,1.5,2
0.3376255,0.22903252,0.10859299,-0.2913614961519961,7867.6665,-0.009999275207519531,0.06400012969970703,0.18000030517578125,2
0.7852020000000001,0.48320198,0.30200005,-0.7085568709485699,5886.5,0.15400028228759766,0.017000198364257812,0.5599994659423828,2
0.3922329,0.26375390000000004,0.128479,-1.5278491233938816,7946.75,0.05499935150146485,0.031000137329101562,0.15999984741210938,2
1.0416622,0.61793804,0.42372417,-2.632586496932064,5201.27,0.2299995422363281,0.07600021362304688,0.6800003051757812,2
1.4090833999999999,0.7693119,0.63977146,1.7271292048679945,4552.2876,0.559999942779541,0.15999984741210938,1.239999771118164,2
0.40280914,0.27305984,0.12974929999999998,-3.423605985976266,7337.107,-0.037000179290771484,0.03299999237060547,0.22299957275390625,2
1.2908034,0.71757126,0.5732322,0.7626708606015846,4817.8867,0.5320000648498535,0.17500019073486328,1.2199993133544922,2
1.3174453000000002,0.7280798,0.5893655,0.9012715412084144,4758.25,0.5799999237060547,0.1529998779296875,1.25,2
1.3057823,0.7244358,0.5813465,0.501867703167246,4635.35,0.5829997062683105,0.12599992752075195,1.1800003051757812,2
0.19626713,0.13513184,0.061135292,0.9126313570104791,8100.0,0.02499961853027344,0.060000419616699226,0.17999935150146484,2
1.3345013000000001,0.7387204,0.59578085,0.6137206685192034,4595.8735,0.4409999847412109,0.34800004959106445,1.2199997901916504,2
1.2001143,0.6727338,0.52738047,0.5219025846800367,4718.5,0.4990000724792481,0.12099981307983397,1.0520000457763672,2
1.9419556,0.9730263000000001,0.9689293,-1.4624665060479425,4228.5146,0.7839999198913574,0.2610001564025879,1.4800004959106443,2
1.5579823999999998,0.8258523999999999,0.73213005,-1.9104119827611008,4295.7,0.7190001010894775,0.1789999008178711,1.4809999465942385,2
1.2154837,0.6838665,0.53161716,1.5114321666535881,4845.4,0.5170001983642578,0.13800048828125,1.1359996795654297,2
1.1569328,0.6567688,0.50016403,2.202362192911845,4873.8623,0.4940004348754883,0.09399986267089844,0.9830007553100586,2
1.478868,0.7935543,0.6853137,-1.0093368037234658,4340.0,0.6740000247955322,0.15399980545043945,1.315999984741211,2
2.2006779,1.0631428,1.1375351,0.3398805899596695,3860.0,0.7119998931884766,0.2969999313354492,1.5600004196166992,2
1.7376832999999998,0.89548206,0.84220123,-0.6958144585005783,4034.3298,0.7209997177124023,0.23400020599365234,1.7199993133544922,2
1.0601254,0.6157159999999999,0.44440937,-0.2595990484163462,5087.6675,0.7869997024536133,0.1640000343322754,0.9000000953674316,2
1.145257,0.6559067,0.48935032,0.5965217378826111,4905.933,0.4869999885559082,0.11600017547607422,1.0,2
1.1629462,0.66656685,0.49637938,0.911452525262442,4911.05,0.5199999809265137,0.10099983215332033,0.9400000572204591,2
1.0963187,0.6331849,0.4631338,0.3842095747889438,5042.0522,0.4559998512268066,0.10900020599365234,0.9499998092651368,2
1.1541214,0.6591201,0.49500132,0.6271327170319676,4946.1997,0.4670000076293945,0.12099981307983397,1.010000228881836,2
1.1803141000000001,0.6711073000000001,0.5092068000000001,0.5021469699102337,4852.5,0.5170001983642578,0.11499977111816405,0.989999771118164,2
1.070611,0.6189728,0.45163822,0.6690415013892643,5008.33,0.3949999809265137,0.14799976348876953,0.9299993515014648,2
1.1499114,0.6573720000000001,0.4925394,-1.5073456568810588,4903.3335,0.37200021743774414,0.07699966430664062,1.0399999618530271,2
1.1508074,0.65611935,0.49468803,0.5408382717986129,4964.6875,0.4790000915527344,0.12599945068359375,0.9900007247924804,2
0.84907436,0.5117178,0.33735657,0.059002553903869874,5669.0,0.27699995040893555,0.09999990463256836,0.690000057220459,2
1.4165702,0.76970816,0.64686203,-1.4556289008205925,4327.3335,0.560999870300293,0.2070000171661377,1.315999984741211,2
1.0866246000000002,0.6266079000000001,0.46001673,0.9525493282808828,4971.0,0.4809999465942383,0.08699989318847656,0.9379997253417968,2
0.43910550000000004,0.28587484,0.15323067,1.3065263072268447,7086.8696,0.1419997215270996,-0.004999637603759766,0.30900001525878906,2
1.1258363999999998,0.6436472,0.48218918,-0.7552793017886206,4971.3335,0.3960001468658447,0.05200004577636719,1.0279998779296875,2
1.3402352,0.73917866,0.6010565999999999,-0.2374764683633579,4649.3926,0.5759997367858887,0.13700008392333984,1.170000076293945,2
1.2956976999999998,0.72168636,0.5740113,-0.517264450773073,4675.4126,0.5659999847412109,0.14499998092651367,1.1500005722045898,2
1.3956203,0.76320696,0.6324134,0.1083751320925508,4537.23,0.6310000419616699,0.14400005340576172,1.2800002098083496,2
1.6227121,0.8564271999999999,0.76628494,-0.5491565476019655,4114.0376,0.6659998893737793,0.18900012969970706,1.4400005340576172,2
1.1974311000000002,0.6800184,0.51741266,0.7374846602240144,4843.985,0.5139999389648438,0.15199995040893555,1.0,2
1.2208853000000002,0.6858454,0.5350399,1.023072672379083,4772.83,0.4860000610351562,0.1380000114440918,1.1400003433227541,2
1.3163972,0.7311783000000001,0.5852189,0.3860118634465604,4726.34,0.5550003051757812,0.13399982452392578,1.1599998474121094,2
1.4198403,0.7725563,0.64728403,-0.2215948565506345,4619.7,0.6349997520446777,0.14800024032592773,1.2799997329711914,2
1.5780272,0.8319310999999999,0.74609613,-0.2499852670695386,4276.0,0.6800000667572021,0.1700000762939453,1.3999996185302734,2
1.1958313,0.677423,0.5184082999999999,0.5256257745931556,4883.0,0.5079998970031738,0.12099981307983397,1.0700001716613772,2
1.2262087,0.69049263,0.53571606,1.02153775436215,4743.9937,0.5249996185302734,0.1120004653930664,1.0699996948242188,2
1.3058367,0.7213917,0.584445,0.6982900013002578,4699.55,0.5439996719360352,0.13300037384033206,1.260000228881836,2
1.3247447,0.7327385000000001,0.5920062,0.9511064387265532,4709.567,0.5279998779296875,-0.019999980926513672,1.179999828338623,2
1.3766136,0.7484913000000001,0.6281223000000001,1.5243902247370755,4608.5,0.5490007400512695,0.13099956512451172,1.5199995040893557,2
1.206944,0.81842947,0.38851452,6.438101088191801,4920.0,0.5030002593994141,0.11999988555908205,0.7699995040893555,2
1.1626062,0.6593895000000001,0.50321674,0.7560698969858421,4893.41,0.5230002403259277,0.07800006866455078,1.0,2
1.2030106000000003,0.67789745,0.5251130999999999,0.5915939126548686,4826.6733,0.5,0.11400032043457033,1.1000003814697266,2
1.3644481000000002,0.74978495,0.6146630999999999,-0.1997231680638052,4643.0,0.6160001754760742,0.14499998092651367,1.2199993133544922,2
1.3082218,0.7278147,0.58040714,0.03553027960639099,4758.532999999999,0.6069998741149902,0.11300039291381835,1.1000003814697266,2
2.3467603,1.1124691999999998,1.2342911,-1.4616410954515509,3772.0,0.8519999980926514,0.29400014877319336,1.570000171661377,2
1.3616819,0.7476119999999999,0.61406994,0.4751346958964256,4567.415,0.6039996147155762,0.12400007247924805,1.2300004959106443,2
1.6524381999999997,0.86536455,0.7870736,-0.6640006425301657,4195.48,0.7160000801086426,0.17799997329711914,1.5099992752075195,2
2.4917119999999997,1.1487918,1.3429203,-0.968473889656538,3700.0,0.7410001754760742,0.3559999465942383,1.5499992370605469,2
1.123846,0.64239407,0.48145200000000005,2.8428737630643823,4976.0,0.495999813079834,0.05299997329711914,0.9700002670288086,2
1.1512141000000002,0.6570344,0.49417973,0.2814639445317741,4866.0,0.43199968338012695,0.16499996185302734,1.0299997329711914,2
1.1252688999999998,0.64246655,0.4828024,3.3836348698111127,4998.0547,0.4899997711181641,0.09399986267089844,0.989999771118164,2
2.5693445,1.1739144,1.3954301000000002,-2.135804269004474,3600.0,0.9879999160766602,0.10199999809265137,1.6199998855590818,2
1.1926765,0.67402506,0.5186515,0.7996435020222936,4850.0,0.4679999351501465,0.1269998550415039,1.0600004196166992,2
1.2498293,0.69773006,0.5520991999999999,1.6830569875263706,4847.3022,0.5229997634887695,0.09599971771240234,1.010000228881836,2
1.2059946000000001,0.68037605,0.52561855,0.4882236494141043,4736.4824,0.494999885559082,0.0970001220703125,1.0900001525878906,2
1.1560783000000001,0.6557665,0.50031185,2.942745898024853,4913.95,0.4200005531311035,0.11899995803833008,1.0099992752075195,2
1.2219448,0.68711185,0.53483295,1.2612377696894141,4826.6,0.5480003356933594,0.13299989700317386,1.0699996948242188,2
1.2572603,0.6996031,0.55765724,2.4035985269101072,4733.4,0.504000186920166,0.12400007247924805,1.0900001525878906,2
1.1046924999999999,0.63593197,0.46876049999999997,-0.23176681917720646,5006.2373,0.430999755859375,0.1230001449584961,0.9499998092651368,2
1.8224158,0.9293684999999999,0.89304733,-0.8923316756493573,4059.4465,0.8060002326965332,0.19299983978271484,1.5699996948242188,2
1.0243034,0.5991516,0.42515182,-0.4090674499070914,5199.0,0.33699989318847656,0.1380000114440918,0.8600001335144043,2
1.2420448999999998,0.6959281,0.5461168000000001,0.7240290456049205,4713.0,0.4559998512268066,0.17400026321411133,1.1399998664855957,2
1.292522,0.71859217,0.5739298,1.856607888645863,4687.935,0.504000186920166,0.1380000114440918,1.1599998474121094,2
1.3290663,0.729681,0.59938526,0.4139246457841193,4607.4375,0.5580000877380371,0.11299991607666016,1.1999998092651367,2
0.86142063,0.51185226,0.34956837,3.507953451377036,5606.1665,0.32199954986572266,0.07699966430664062,0.7899999618530273,2
1.1269836000000002,0.640666,0.48631763,0.511885589814634,4923.2,0.5469999313354492,0.04099941253662109,1.0,2
1.1885118000000001,0.6747656,0.51374626,1.1276237825660012,4785.0,0.5280003547668457,0.08499956130981445,1.0600004196166992,2
1.6160831,0.85000515,0.7660779999999999,-2.7331610689390864,4176.54,0.7379999160766602,0.17800045013427734,1.4400005340576172,2
1.4455619,0.7820754,0.6634865,-0.5161279726678405,4387.0,0.6570000648498535,0.11399984359741212,1.329999923706055,2
2.240212,1.0765109,1.163701,-1.6524925155067276,3916.58,0.8099999427795409,0.23000001907348636,1.5900001525878906,2
1.5654373,0.8286419,0.7367954000000001,0.0156567577325486,4231.425,0.6690001487731934,0.16099977493286133,1.420000076293945,2
1.2860847,0.71975327,0.5663314,0.8696950633958807,4815.08,0.5329999923706055,0.23199987411499026,1.1269998550415041,2
1.1472497,0.65161276,0.49563694,3.5761994413079665,4966.6465,0.4519996643066406,0.11100006103515624,1.0699996948242188,2
1.3954554,0.76290417,0.6325512,-0.3980845989708044,4554.685,0.7529997825622559,0.13199996948242188,1.1299991607666016,2
1.0747128000000001,0.62152624,0.4531865,0.187245350581124,5079.0,0.684999942779541,-0.1529998779296875,0.9569997787475586,2
1.4081659,0.76563835,0.6425276,-0.4882698628855859,4380.0,0.6740000247955322,0.06599998474121094,1.2930002212524414,2
1.2132082,0.68515015,0.52805805,2.1516206319456703,4830.83,0.555999755859375,0.08799982070922853,1.079999923706055,2
1.113234,0.6389537,0.47428036,-0.16193083472304082,4978.0,0.5409998893737793,0.19099998474121094,1.0199999809265137,2
1.1250072,0.6463804,0.47862673,0.17521310783950206,5011.1333,0.4140000343322754,0.1420001983642578,0.9699993133544922,2
1.6272492,0.8556256,0.7716236,-0.8925890204348299,4176.54,0.6370000839233398,0.15600013732910156,1.4800004959106443,2
1.1296568,0.65088177,0.47877502,-1.1950820823728758,4963.935,0.5280003547668457,0.1640000343322754,0.8899993896484375,2
1.4728122,0.7920008000000001,0.6808114000000001,0.1397041401570931,4350.0,0.5479998588562012,0.20599985122680664,1.3799996376037598,2
0.50179434,0.32399607,0.17779827,0.9124020886162948,6921.0,0.11699962615966795,0.0710000991821289,0.3579998016357422,2
1.2343030000000002,0.6924,0.541903,0.7308904193445631,4745.12,0.4920001029968262,0.1510000228881836,1.0900001525878906,2
1.0871186000000002,0.6260061,0.4611125,0.3304713332834659,5085.0,0.4240000247955322,0.2439999580383301,0.9289999008178712,2
1.0981693000000001,0.6349659000000001,0.46320343,0.2719092971127441,5000.6733,0.4809999465942383,0.09399986267089844,0.880000114440918,2
1.2432222,0.6963501,0.54687214,0.5396287259347439,4793.35,0.5170001983642578,0.13399982452392578,1.1099996566772459,2
1.2644233999999999,0.7057762,0.55864716,0.8600841725208461,4696.1104,0.5469999313354492,0.13899993896484375,1.1499996185302734,2
1.166008,0.6634207,0.5025873,0.2109432934929618,4897.0,0.495999813079834,0.10699987411499023,1.0299997329711914,2
1.5249438,0.81432724,0.7106166,-0.2940281655483119,4262.2,0.5950000286102295,0.2549998760223389,1.3499999046325684,2
4.4186835,1.4973912,2.9212922999999997,-2.5801953098689374,3289.6667,1.069999933242798,0.4900000095367432,1.0300006866455078,2
-0.1214757,-0.047620296,-0.0738554,-0.585852128699802,8712.0,-0.07399988174438478,0.02499961853027344,-0.09200000762939453,2
0.68525505,0.42076874,0.2644863,1.4457796492926107,6140.0,0.13099956512451172,0.06400012969970703,0.5500001907348633,2
1.1407146000000001,0.6528076999999999,0.48790693,0.2463310258310756,4984.338,0.4629998207092285,0.15400028228759766,0.9879999160766602,2
2.1974077000000003,1.0618701000000001,1.1355376,-1.5171702465554835,3931.3965,0.7599999904632568,0.39800000190734863,1.6700005531311035,2
0.45438004,0.2960987,0.15828133,1.3255518769242656,7040.78,0.0689997673034668,0.07700014114379883,0.31999969482421875,2
1.217061,0.6813154,0.5357456,0.5277350613994845,4714.6665,0.4819998741149902,0.2130000591278076,1.0569996833801272,2
0.88374805,0.52513504,0.358613,3.6900994856789233,5460.3335,0.3380002975463867,0.08299922943115234,0.6999998092651367,2
1.2467184,0.6991501,0.5475683000000001,1.245372672497011,4798.4,0.6089992523193359,0.07500076293945312,1.1099996566772459,2
1.1087589,0.63554764,0.4732113,2.8388692830771003,4984.2334,0.4470005035400391,0.13399982452392578,1.020000457763672,2
0.74050903,0.45419407,0.28631496,4.315412855902613,6082.9336,0.2309999465942383,0.031000137329101562,0.6400003433227539,2
1.274559,0.7078694999999999,0.5666895000000001,0.9429053663063858,4738.125,0.5339999198913574,0.13700008392333984,1.2100000381469729,2
1.1600051000000002,0.6634717,0.49653339999999996,0.2793187074156158,4883.3223,0.6029996871948242,0.255000114440918,1.0019998550415041,2
1.1149296999999998,0.64010096,0.47482872,-0.10972781543615362,5013.0,0.4689998626708984,0.09100008010864258,1.0,2
1.3640366000000002,0.7506689999999999,0.61336756,1.9257215679282,4607.6665,0.5789999961853027,0.17399978637695312,1.2199997901916504,2
1.4195385,0.7732382,0.6463003,0.0731565411229731,4477.86,0.6040000915527344,0.17400026321411133,1.3000001907348633,2
2.1149445,1.0326157,1.0823288,-2.1950561752096966,3920.0,0.8320001363754272,0.2749999761581421,1.6620001792907717,2
1.992034,0.98811626,1.0039177,-1.3754565715909806,3923.9932,0.8469996452331543,0.24200010299682614,1.5499992370605469,2
1.3206339,0.7291526999999999,0.5914812,0.9666393137554472,4579.9,0.5329999923706055,0.13199996948242188,1.2100000381469729,2
1.6267295,0.8550687,0.7716608,0.5776333281209958,4152.8203,0.6399998664855957,0.24500036239624026,1.4099998474121094,2
0.4998803,0.31935883,0.18052149,1.3156426092443656,6888.6665,0.3430004119873047,0.1399998664855957,0.3449997901916504,2
1.1147203,0.6408906,0.47382975,2.0138933327180286,4979.6665,0.5130000114440918,0.010999917984008787,0.9660000801086426,2
1.0904994,0.6291251,0.46137428,0.8956149594283112,5005.4053,0.4800000190734863,0.17500019073486328,0.9470000267028807,2
1.2039146,0.6813412,0.5225734999999999,0.5686720415793101,4806.5,0.5199999809265137,0.12400007247924805,1.0700001716613772,2
2.2056637,1.0662508,1.1394129,-1.5183648163570922,3796.5,0.7980000972747803,0.4119999408721924,1.579999923706055,2
1.1201205,0.6438203,0.47630024,0.36387802450701295,5040.7,0.434999942779541,0.0989999771118164,0.9800004959106444,2
1.2025528,0.6825738,0.519979,1.1088220521771015,4872.6665,0.43900012969970703,0.15000009536743164,1.010000228881836,2
1.2805843000000001,0.71541786,0.5651665,0.4762292362429328,4732.0,0.5390000343322754,0.14400005340576172,1.0729999542236328,2
1.2931538,0.7206024999999999,0.57255125,0.7551556967744322,4682.6504,0.4860000610351562,0.13500022888183594,1.1299996376037598,2
1.203506,0.6824336,0.5210724,0.7797105784347469,4786.25,0.5139999389648438,0.10400009155273438,1.0300002098083496,2
1.3723121,0.75316954,0.61914253,1.0176573752811409,4593.5,0.5349998474121094,0.1770000457763672,1.2309999465942385,2
1.6063323,0.8472328000000001,0.7590995,-0.4027323196100987,4133.1396,1.0250000953674316,-0.015000343322753906,1.4519996643066406,2
1.2407207,0.69796515,0.5427556,0.6316647576119685,4868.9897,0.5510001182556152,0.09199953079223633,1.1499996185302734,2
1.1734867,0.6679549,0.5055318,0.9548331727661256,4885.0,0.4549999237060547,0.1119999885559082,1.0099992752075195,2
1.1365819,0.6518564,0.48472548,0.3563734278979034,4955.575,0.4619998931884766,0.12200021743774415,0.989999771118164,2
2.7199492000000003,1.2172518,1.5026975,-1.550647203121013,3893.8022,0.8320000171661377,0.4219999313354492,1.4700002670288086,2
1.1997013,0.6773448000000001,0.5223565,0.3809775073355031,4794.7866,0.4889998435974121,0.10100030899047853,1.1100001335144043,2
1.1759701,0.66692877,0.5090412999999999,0.6042272447252159,4816.0073,0.4670000076293945,0.1289997100830078,1.0700001716613772,2
1.2695432,0.7094078,0.56013536,0.6896714986619106,4754.1753,0.5199999809265137,0.15799999237060547,1.1499996185302734,2
1.3027058,0.725595,0.57711077,-0.2896900262302005,4654.5234,0.6600003242492676,0.11999988555908205,1.1499996185302734,2
0.49833775,0.32068348,0.17765427,3.15845946549034,7069.79,0.13300037384033206,-0.0030002593994140625,0.3200006484985352,2
1.1800680000000001,0.67055225,0.50951576,0.4831317712152892,4965.3804,0.4639997482299805,0.125,1.0199995040893557,2
1.4102860000000002,0.7690873,0.64119864,-0.445476417267221,4501.9,0.43400001525878906,0.1100001335144043,1.2900004386901855,2
1.2220135,0.68816614,0.53384733,0.5312026364778006,4794.0,0.4749999046325684,0.17300033569335938,1.079999923706055,2
1.2132831,0.68620205,0.527081,0.3301151470114672,4840.89,0.5789999961853027,0.08100032806396484,1.0299997329711914,2
1.3054242,0.72477627,0.58064795,1.6789466116670475,4577.25,0.5260000228881836,0.2929999828338623,1.170000076293945,2
1.3179493,0.7290392,0.5889101,0.7834128872230064,4661.9253,0.33100032806396484,0.3469996452331543,1.2300000190734863,2
1.3411388000000002,0.7394761999999999,0.60166264,1.1748385148410012,4653.43,0.5710000991821289,0.1529998779296875,1.2100000381469729,2
0.5924864000000001,0.37556409999999996,0.21692228,2.067805593965584,6536.25,0.1119999885559082,0.09400033950805664,0.4200000762939453,2
1.3487468,0.7430701,0.60567665,-0.05873474183792737,4599.475,0.4710001945495606,0.2609996795654297,1.1899995803833008,2
1.8544326,0.9464296999999998,0.90800285,-0.9954923479806972,4015.1934,0.7010002136230469,0.24699997901916504,1.5929999351501465,2
1.7335175999999999,0.8982158000000001,0.8353019,-0.2900969231223733,4002.5,0.7839999198913574,0.1830000877380371,1.5050001144409182,2
1.2900924999999999,0.7170801,0.57301235,0.8376934159552558,4792.96,0.5290002822875977,0.11999988555908205,1.119999885559082,2
1.1060853000000002,0.62657833,0.47950697,0.1632768189820588,4996.5,0.4900000095367432,0.1099998950958252,0.9600000381469728,2
1.2104726000000001,0.68481016,0.5256624,0.6119119005437952,4780.94,0.5440001487731934,0.10500001907348633,1.0600004196166992,2
1.8436575000000002,0.94299316,0.9006643,-0.8140320654361091,4109.65,0.7750000953674316,0.2249999046325684,1.5999994277954102,2
1.7899709,0.92051315,0.8694576999999999,-1.6767657263684883,4059.7175,0.5309998989105225,0.4290001392364502,1.570000171661377,2
1.0142894,0.5989528000000001,0.4153366,0.9849862086810272,5127.605,0.4460000991821289,0.1099996566772461,0.75,2
1.5027051000000002,0.80420256,0.69850254,0.7158667826904601,4395.3096,0.6510000228881836,0.16899967193603516,1.3500003814697266,2
1.17626,0.6690655,0.5071945,0.6714137617493137,4885.6,0.5139999389648438,0.1380000114440918,1.0399999618530271,2
1.419301,0.77314043,0.6461606,-0.2274514562265324,4551.5,0.4980001449584961,0.3469996452331543,1.2599997520446775,2
2.0132785,0.99912834,1.0141501,-1.2589108840708398,3807.74,0.9700002670288086,0.14399981498718262,1.6100006103515625,2
1.1963743999999998,0.6792455,0.51712894,0.6951969279796302,4850.0,0.5269999504089355,0.13000011444091794,0.2049999237060547,2
1.1519513000000001,0.6579795,0.49397182,0.5216382125879964,4870.75,0.4960002899169922,0.11499977111816405,1.0,2
1.224163,0.69030094,0.5338621,0.35086531410661514,4786.59,0.5739998817443848,0.14700031280517578,1.0,2
3.8636559999999998,1.4508108999999998,2.4128451,0.5005436572123507,3294.0,0.9900000095367432,0.2900000810623169,-0.21000003814697266,2
1.0981498,0.63178873,0.46636105,0.9421837460919508,5021.5,0.4510002136230469,0.1899995803833008,0.9900002479553224,2
1.4814367,0.79705906,0.6843776999999999,-0.20350420768449773,4350.0,0.7369997501373291,0.023999929428100586,1.372000217437744,2
5.973372,1.7934198000000001,4.179952,-1.0177773328759263,3293.0,0.8700000047683716,0.4100000262260437,3.779999732971192,2
1.1083293,0.6374717,0.47085762,1.4317781059711336,4954.75,0.5120000839233398,0.10699987411499023,0.9500007629394532,2
1.6804843,0.8785777,0.8019066,-0.27285507920107577,4185.5864,0.7869997024536133,0.1790003776550293,1.4699993133544922,2
1.4157872,0.7689762,0.6468109999999999,-0.5274514317707855,4380.0,0.6809999942779541,0.11999988555908205,1.2650003433227541,2
1.1973305,0.67545795,0.5218725000000001,1.6714147892876718,4827.7,0.5339999198913574,0.12400007247924805,1.0399999618530271,2
1.3012652,0.72222185,0.5790434,1.2165696564229993,4737.0,0.5699996948242188,0.13199996948242188,1.1499996185302734,2
1.3132615,0.7263074,0.5869541,1.7854451847452957,4611.1333,0.5620002746582031,0.16299962997436526,1.170000076293945,2
1.1459527,0.6560239999999999,0.48992872,0.7632200516905137,4942.045,0.4760003089904785,0.1269998550415039,1.010000228881836,2
1.8237567,0.92830896,0.89544773,-1.314061750276137,4063.3467,0.7940001487731934,0.2649998664855957,1.479999542236328,2
1.1599207,0.65935516,0.5005655,0.5384576865687443,4900.86,0.5029997825622559,0.11399984359741212,1.1100006103515625,2
1.3171706,0.7278247,0.58934593,1.15159566285619,4695.3335,0.5520000457763672,0.17100000381469727,1.2400007247924805,2
1.1565561000000002,0.6647272,0.49182892,-0.663685652657021,4948.55,0.5349998474121094,0.051000118255615234,0.8099994659423828,2
0.92551327,0.550972,0.37454128,5.108058355446103,5473.0,0.37600040435791016,0.13099956512451172,0.7899999618530273,2
1.3041081,0.7218642,0.5822439,1.4610211729421696,4668.2373,0.5760002136230469,0.11800003051757812,1.2200002670288086,2
1.2073258999999998,0.6818161,0.52550983,0.7338054767267543,4847.137,0.4899997711181641,0.15600013732910156,1.0699996948242188,2
1.3001556,0.7206459,0.57950974,0.7844743623575391,4713.0,0.569000244140625,0.14099979400634766,1.2100000381469729,2
1.2849455,0.715188,0.56975746,0.41403617034109,4714.2666,0.5450000762939453,0.1360001564025879,1.1099996566772459,2
1.2570906000000002,0.7271137,0.52997684,-1.1737690706894544,4787.8804,0.5250000953674316,0.21399974822998047,1.0699996948242188,2
1.2955899,0.7207775,0.5748124,0.3229626217169823,4676.0,0.9149999618530272,-0.02200007438659668,1.1920003890991209,2
1.3645263,0.7506275,0.61389875,-0.3452167028461837,4587.815,0.6240000724792479,0.1700000762939453,1.239999771118164,2
1.1167927,0.6410760999999999,0.4757166,1.9893497515187184,4965.0103,0.4949994087219238,0.1210002899169922,0.9059991836547852,2
2.3272858,1.0997728999999998,1.2275128,-2.3036439412491063,3739.0,0.9210000038146972,0.254000186920166,1.6399998664855957,2
1.1333022,0.6513405,0.48196173,0.3620678705630063,4904.067,0.4279999732971192,0.1989998817443848,0.989999771118164,2
1.111392,0.638834,0.47255802,1.9133189514353008,4987.6836,0.4809999465942383,0.11999988555908205,0.9700002670288086,2
0.62325954,0.3874302,0.23582935,3.4111440381688976,6501.5,0.24499988555908206,0.03600025177001953,0.4630002975463867,2
1.2727518,0.71002483,0.5627270000000001,0.8046177202578946,4718.41,0.5440001487731934,0.13499975204467773,1.130000114440918,2
1.1079593,0.6360220999999999,0.47193718,1.9505771816153228,5016.0,0.6200001239776611,0.029999971389770508,0.9400000572204591,2
1.6636461999999999,0.86963654,0.7940096999999999,-1.2478227750471724,4177.2935,0.8599998950958252,0.14400005340576172,1.4900002479553225,2
1.1490850000000001,0.6535095999999999,0.49557543,0.3319831253648253,4872.3335,0.5109999179840088,0.08899998664855957,0.9800000190734864,2
1.2900448,0.7156553000000001,0.57438946,0.902119418996918,4749.7476,0.564000129699707,0.13199996948242188,1.2200002670288086,2
1.4717679,0.79390574,0.67786217,0.5738149449143446,4405.04,0.6550002098083496,0.1959996223449707,1.3100004196166992,2
1.8593168000000002,0.9433389000000001,0.91597795,-1.448378744469542,3989.8953,0.9020001888275146,0.11699986457824707,1.570000171661377,2
1.5180973999999998,0.8110633,0.7070341,0.26848856495218953,4334.38,0.6349997520446777,0.19000005722045896,1.3599996566772459,2
1.3519181999999998,0.7421551,0.60976315,1.9686581861843775,4629.19,0.5729999542236328,0.17299985885620114,1.270000457763672,2
1.3490281000000002,0.7433758,0.60565233,0.2777638021488258,4679.6025,0.6129999160766602,0.15899991989135742,1.229999542236328,2
1.4860176999999999,0.79962015,0.68639755,-0.6351654598537788,4280.615,0.6999998092651367,0.16499996185302734,1.3500003814697266,2
1.4279841999999998,0.7747116,0.6532726,-0.34306684124014103,4453.88,0.6640000343322754,0.14099979400634766,1.2999992370605469,2
1.7575417000000002,0.90550137,0.8520403,-1.3180455484115718,4020.05,0.883000373840332,0.06799983978271484,1.5199999809265137,2
1.3145356000000001,0.73047495,0.58406067,-0.11751100272016934,4640.67,0.6150002479553223,0.16900014877319336,1.1400003433227541,2
3.3268150999999997,1.3594217,1.9673933999999997,-1.569088327665925,4229.44,0.9249999523162842,0.3370000123977661,1.25,2
1.5997013999999998,0.84505033,0.75465107,0.6622282793930268,4271.83,0.7860000133514404,0.059999942779541016,1.420000076293945,2
1.0496922,0.60961866,0.44007349999999995,0.5989733696151713,5060.5,0.4370002746582031,0.10699987411499023,0.9099998474121094,2
1.304244,0.722352,0.581892,0.8773638856431987,4742.96,0.6089997291564941,0.10699987411499023,1.170000076293945,2
1.2183351999999998,0.71285725,0.5054779,0.7073845474396842,4890.0,0.5350003242492676,0.13099956512451172,1.0900001525878906,2
1.3638725,0.74928474,0.6145878,0.01404915875762569,4659.245,0.6230001449584961,0.1549997329711914,1.270000457763672,2
1.2185435,0.686738,0.5318055,0.5712637539203804,4748.0,0.7880001068115234,0.09299993515014647,1.0630002021789549,2
1.2131195,0.6858525,0.527267,0.6448799231094213,4817.47,0.4930000305175781,0.1830000877380371,1.0700001716613772,2
1.309031,0.7236719,0.5853590999999999,0.9068537208781072,4742.82,0.5269999504089355,0.19999980926513672,1.2300004959106443,2
1.2471867,0.6967449,0.55044174,2.111394338080892,4731.82,0.5310001373291016,0.0970001220703125,0.952000617980957,2
1.1587763,0.66321325,0.49556303,1.2007399133391328,4950.4,0.5019998550415039,0.125,0.9700002670288086,2
1.4185052,0.7702608,0.6482444,0.5816841708325189,4450.6,0.625,0.17399978637695312,1.239999771118164,2
0.24723005,0.16809129999999997,0.07913875599999999,0.912912942231408,7889.1,0.02300024032592773,0.05800008773803711,0.19000005722045896,2
1.234026,0.6932602,0.54076576,0.5565863950976215,4815.6,0.5019998550415039,0.18900012969970706,1.0900001525878906,2
1.1027879999999999,0.63359976,0.46918820000000006,0.7908533134567932,5031.0,0.4110002517700195,0.18400001525878906,0.989999771118164,2
0.37456608,0.24228000000000002,0.13228607,3.1202251475695895,7243.1,0.03900003433227539,0.11500024795532228,0.3200001716613769,2
1.1940808,0.67629576,0.5177851,0.6084182676467904,4850.0,0.5439996719360352,0.09000015258789062,1.0600004196166992,2
1.285397,0.7146754,0.5707215999999999,1.0676631305636557,4708.6,0.5220003128051758,0.20099973678588867,1.1400003433227541,2
1.1810265,0.66969395,0.5113325,1.0284511942660934,4885.6,0.4890003204345703,0.10199975967407228,1.0699996948242188,2
1.4324255,0.7784462,0.6539793,-0.33660687286564084,4494.42,0.6950001716613771,0.1419997215270996,1.2799997329711914,2
1.3366337,0.7360878000000001,0.6005459,1.1678436882123062,4595.12,0.5869998931884766,0.13500022888183594,1.260000228881836,2
1.3533764,0.7434006,0.6099758000000001,-0.12825544396135768,4571.175,0.5970001220703125,0.14699983596801758,1.25,2
1.2360516000000001,0.69416904,0.5418824999999999,0.33026497031864466,4771.25,0.6010003089904785,0.07699966430664062,1.0999994277954102,2
1.154335,0.65709877,0.49723625,1.2431098800886513,4967.0225,0.5579996109008789,0.07000017166137695,1.0399999618530271,2
1.1718024999999999,0.6655493,0.50625324,2.1443273721608413,4952.525,0.5700001716613771,0.10699987411499023,0.935999870300293,2
1.1894841,0.67274904,0.5167351,0.5351940510900484,4795.8047,0.4479999542236328,0.2109999656677246,1.0599999427795408,2
1.2833023000000001,0.72064304,0.56265926,-0.06385411366123606,4641.495,0.5439996719360352,0.1640000343322754,1.0900001525878906,2
1.6658582999999998,0.8718915,0.79396677,-0.8184356317393728,4190.895,0.7150001525878906,0.2669997215270996,1.4099998474121094,2
1.4891558,0.7999058000000001,0.68925,0.2696826994068573,4349.5405,0.6150002479553223,0.1919999122619629,1.3399991989135742,2
1.5965586,0.8430953000000001,0.75346327,-0.3026153232275828,4298.33,0.753000020980835,0.16499996185302734,1.440000057220459,2
1.7575450000000001,0.9107013,0.8468437,0.6121275414808416,4062.8933,0.7929999828338623,0.1820001602172852,1.5,2
1.7452164000000001,0.9003978000000001,0.8448186,-0.7631579794848041,4119.89,0.690000057220459,0.2639999389648437,1.510000228881836,2
1.1273178999999998,0.63089895,0.49641895,0.4002551423120799,5036.0,0.6599998474121094,0.07000017166137695,0.9399995803833008,2
1.2731503999999998,0.7095537,0.5635967,0.9608059362284198,4695.7,0.5320000648498535,0.17199993133544922,1.1289997100830078,2
1.2427306,0.6965437,0.5461869,0.5791307483769135,4708.0,0.5580000877380371,0.15399980545043945,1.1299996376037598,2
1.4658523,0.7930579000000001,0.67279434,-0.281249165635602,4429.08,0.7220001220703125,0.14299964904785156,1.2100000381469729,2
2.3905945,1.1273408,1.2632537,-1.5160330929707602,3984.2476,0.7760000228881836,0.23199987411499026,1.579999923706055,2
1.0991278,0.6332083000000001,0.4659195,2.6190641746646453,4979.0,0.4789996147155762,0.09000015258789062,0.9099998474121094,2
1.31111,0.72685194,0.5842581,-0.2942711516567389,4650.0,0.5669999122619629,0.14799976348876953,1.130000114440918,2
1.2076516000000002,0.6809864000000001,0.5266652,0.5664237682277521,4795.9136,0.5420002937316895,0.1399998664855957,1.079999923706055,2
1.2308073,0.6916237,0.5391836,0.6230216805274971,4758.47,0.5420002937316895,0.1079998016357422,1.0599994659423828,2
0.94350815,0.5702133,0.37329483,2.1915245302333872,5353.6665,0.4510002136230469,0.15000009536743164,0.6210002899169922,2
1.2808585,0.7113333000000001,0.56952524,0.9041725596393492,4662.92,0.5729999542236328,0.13199996948242188,1.1200003623962402,2
2.3157525000000003,1.1012306,1.2145218999999998,-1.6359127763203123,3781.9534,1.13100004196167,0.1419999599456787,1.5399999618530271,2
1.2753611,0.7104149000000001,0.5649462,0.6262336098123562,4676.58,0.5980000495910645,0.11400032043457033,1.1600003242492676,2
1.2199421,0.68715477,0.5327873000000001,0.6844282679203477,4842.0176,0.5700001716613771,0.10199975967407228,0.989999771118164,2
1.3204063999999998,0.7291665,0.5912399,1.2668614023140972,4754.8076,0.5469999313354492,0.1510000228881836,1.1799993515014648,2
1.7348819,0.89679146,0.8380904,-0.6519739389710963,4065.6667,1.1449999809265137,0.13100004196166992,1.5399999618530271,2
0.37124062,0.24442482,0.1268158,2.8521760019979614,7333.0,0.13100004196166992,0.0670003890991211,0.2699999809265137,2
1.1650372,0.6632414000000001,0.50179577,0.5288783765728571,4947.065,0.551999568939209,0.08700037002563478,0.9600000381469728,2
1.1922139999999999,0.6748685999999999,0.5173454000000001,0.5008642243506394,4808.95,0.434999942779541,0.3360004425048828,1.079999923706055,2
1.2913141000000001,0.71783257,0.57348156,0.3286663194104875,4839.0,0.5479998588562012,0.13300037384033206,1.1399993896484375,2
1.3794155000000001,0.75459766,0.62481785,0.3122556210357672,4580.0,0.6070003509521484,0.14399957656860352,1.3099994659423828,2
1.2494464,0.6991925,0.55025387,0.7952300130238061,4762.1865,0.5240001678466797,0.13099956512451172,1.441999435424805,2
3.8477354,1.4086795,2.4390560000000003,-1.8685831405139923,3300.0,0.9089999198913574,0.3110000193119049,1.200000286102295,2
1.2899971000000001,0.7168665,0.5731305999999999,1.4184470646751866,4769.33,0.5449995994567871,0.1640000343322754,1.2100000381469729,2
0.21008110000000002,0.14041233,0.06966877,2.4673222811423847,8067.3335,0.03899955749511719,0.06400012969970703,0.1700000762939453,2
1.302165,0.7240648000000001,0.5781002,1.2157779024132918,4695.495,0.5830001831054688,0.17199993133544922,1.1500005722045898,2
1.4566832,0.7878189,0.66886425,-0.23255096810136774,4472.0,0.6529998779296875,0.20200014114379886,1.2999992370605469,2
1.6205707,0.85151243,0.7690581999999999,-1.0001085284213271,4165.6333,0.758000373840332,0.18699979782104487,1.4399995803833008,2
1.313365,0.7244786999999999,0.58888626,1.3727258759857277,4599.075,0.5009999275207521,0.18700027465820312,1.2699995040893557,2
1.4021311,0.766047,0.6360840999999999,-0.3229191706154708,4549.75,0.5999999046325684,0.18499994277954104,1.2799997329711914,2
1.2039685,0.6805239000000001,0.52344465,0.7112754062524189,4733.0,0.560999870300293,0.11700010299682614,1.079999923706055,2
1.2799253000000002,0.7119293000000001,0.5679960000000001,1.0124279462875323,4829.9,0.5689997673034668,0.13700008392333984,1.130000114440918,2
1.4443274,0.78250694,0.6618204000000001,-0.03234115639030577,4397.5864,0.6909999847412109,0.1360001564025879,1.2000007629394531,2
1.2684917,0.7081599000000001,0.5603318,0.714365820201154,4783.8667,0.5360002517700195,0.14899969100952148,1.1800003051757812,2
1.2064953,0.6820096999999999,0.5244856,-0.6233480638198117,4812.985,0.6139998435974121,0.0560002326965332,1.0,2
1.3545036,0.74554014,0.6089635,-0.276465174537762,4594.0,0.6110000610351562,0.1860003471374512,1.190000057220459,2
3.1085634,1.3051324,1.8034310000000002,-1.9925234537185168,3398.5,0.9539999961853028,0.31400012969970703,1.3499994277954102,2
1.1557193000000001,0.6600232,0.49569607,-0.8803351171256484,4974.0,0.5120000839233398,0.09599971771240234,0.9800004959106444,2
1.3960075,0.7623996999999999,0.63360786,0.08366446194099275,4574.5,0.6189999580383301,0.180999755859375,1.3499994277954102,2
1.236536,0.6940203,0.54251575,0.7060460244141922,4929.0,0.5159997940063477,0.14300012588500974,0.989999771118164,2
1.1098771,0.63838625,0.47149086,0.7070417622569369,5010.62,0.4079999923706055,0.16199970245361328,0.9600000381469728,2
1.1755352,0.66954994,0.50598526,0.4067596312591597,4885.6,0.5029997825622559,0.12599992752075195,1.0499992370605469,2
1.3111725,0.7279477,0.5832248000000001,-0.5364774522131857,4657.1665,0.5910000801086426,0.13199996948242188,1.1599998474121094,2
1.0747256,0.6205683000000001,0.45415735,0.4981921670523768,5085.5,0.4320001602172852,0.11099958419799803,0.9399995803833008,2
1.2027006000000002,0.6801219000000001,0.5225787000000001,0.5066276021985932,4842.6665,0.5180001258850098,0.13399982452392578,1.0999999046325684,2
1.2675581,0.7100773,0.5574808000000001,0.6873248632844664,4773.62,0.564000129699707,0.1490001678466797,1.1100006103515625,2
2.0464382,1.0111431999999998,1.035295,-0.6075615721813588,3993.79,0.9019999504089355,0.2109999656677246,1.6499996185302734,2
1.9295901999999998,0.9685773999999999,0.96101284,-1.4843512807183696,4233.67,1.0730001926422121,0.1510000228881836,1.6400003433227541,2
2.1870412999999997,1.0692386999999999,1.1178026,-1.7395017204904857,3773.2974,0.8980000019073486,0.2809998989105225,1.6099996566772459,2
1.2401958,0.6963563,0.54383945,0.7153637271930471,4885.55,0.5580000877380371,0.1119999885559082,1.1099996566772459,2
1.3003616000000002,0.72315407,0.57720757,1.0655585204637603,4706.477,0.5869998931884766,0.13400030136108398,1.1499996185302734,2
1.4611769,0.7926092,0.66856766,-0.06410821042444681,4457.14,0.7280001640319824,0.14499998092651367,0.8959999084472656,2
1.3862958,0.7558836999999999,0.6304121,-1.077898829592396,4405.675,0.620999813079834,0.11300015449523924,1.2480001449584959,2
1.1933708,0.675972,0.51739883,0.9431017913725784,4849.0576,0.5250000953674316,0.11999988555908205,1.0699996948242188,2
1.45717,0.78916216,0.66800785,-0.3971329393916552,4419.4,0.6530003547668457,0.18400001525878906,1.2799997329711914,2
1.2366328000000002,0.69582033,0.5408125,1.2392112862976212,4788.5,0.5339999198913574,0.1360001564025879,1.079999923706055,2
0.3060565,0.20501614,0.10104036,2.4800136722481887,7729.5,0.07999992370605469,0.01900005340576172,0.2699999809265137,2
1.2085924,0.68281174,0.5257807,0.5532446053745215,4805.6665,0.5320000648498535,0.15700006484985352,1.0699996948242188,2
1.4951277,0.80417347,0.6909542,-0.06428181908833253,4307.2,0.6710000038146973,0.1970000267028809,1.2840003967285156,2
1.4660625,0.7916217,0.67444086,-0.02463942062156832,4376.0,0.6570000648498535,0.1919999122619629,1.3599996566772459,2
1.4533167,0.78552055,0.66779613,0.5601246728869249,4420.59,0.6149997711181641,0.18700027465820312,1.2599992752075195,2
1.1727886,0.66844463,0.504344,0.6086755520410421,4818.0,0.4739999771118164,0.17799997329711914,1.0099992752075195,2
1.4652848,0.79123163,0.6740531999999999,-0.10924280588309898,4394.8774,0.6259999275207521,0.21900033950805664,1.3399996757507324,2
2.4458585,1.1432781,1.3025803999999999,-1.5610504534953367,3680.0,1.0429999828338623,0.1809999942779541,1.4300003051757812,2
1.1908101999999998,0.6756177,0.5151925,0.6344882272922518,4853.0,0.5280003547668457,0.12099981307983397,1.010000228881836,2
1.7377014,0.898551,0.8391504000000001,-0.09715041364520616,4102.4297,0.7590003013610841,0.22099971771240234,1.5199995040893557,2
1.2338276000000001,0.694489,0.5393386,0.4715494079158731,4748.5,0.5420002937316895,0.17399978637695312,1.079999923706055,2
1.2272319999999999,0.69161654,0.53561544,0.7875764632397289,4883.3,0.569000244140625,0.12799978256225586,1.079999923706055,2
1.1714106000000002,0.66735506,0.5040555,0.6061728255366496,4885.0,0.5089998245239258,0.11700010299682614,1.0260000228881836,2
1.2175388,0.6856960999999999,0.5318427,0.4134129278958536,4840.79,0.6960000991821289,0.1510000228881836,1.119999885559082,2
1.8115611,0.9289985000000001,0.88256264,-0.9756774156600888,4022.61,0.7589998245239258,0.2720003128051758,1.5699996948242188,2
1.2502712999999999,0.7007828,0.54948854,0.7646331954213519,4764.6577,0.5419998168945312,0.13400030136108398,1.1400003433227541,2
1.7448463,0.90231705,0.8425292999999999,-1.170409883716463,4055.0,0.7250000238418579,0.2109999656677246,1.5199999809265137,2
1.9788008000000001,0.9958081,0.98299265,-1.160099634537188,3923.0,0.8859999179840088,0.20600008964538571,1.5800004005432131,2
1.7026366999999998,0.88585424,0.8167825,-0.12400291325854873,4147.22,0.6820001602172852,0.25799989700317383,1.489999771118164,2
1.1511040000000001,0.656425,0.49467897,0.5191726146295768,4916.75,0.6230001449584961,0.051000118255615234,1.0040001869201658,2
1.2137499,0.68411255,0.52963734,0.5466752790903833,4797.3804,0.4899997711181641,0.1490001678466797,1.010000228881836,2
1.0565548,0.62163305,0.43492174,0.0003186218035722277,5052.18,0.5879998207092285,0.08300018310546875,0.880000114440918,2
1.2575593,0.7029934,0.5545659000000001,0.7231224495310897,4745.05,0.5320000648498535,0.17500019073486328,1.1500000953674316,2
1.3498454,0.74361753,0.6062279,1.0023712895822694,4622.6465,0.5470004081726074,0.18899965286254886,1.2300004959106443,2
1.5341477,0.8188156999999999,0.71533203,-0.4065733252871127,4218.3135,0.6760001182556152,0.1960000991821289,1.3599996566772459,2
1.5803757,0.83805084,0.7423248,-0.4264134561542949,4320.2627,0.7270002365112305,0.20200014114379886,1.380000114440918,2
1.0862446000000001,0.6379099,0.4483347,0.5401376244429077,5093.0,0.5069999694824219,0.06699991226196289,0.8900003433227539,2
1.3630233,0.7490268,0.6139965000000001,-1.8094112220613068,4562.1104,0.5360002517700195,0.20599985122680664,1.239999771118164,2
1.172801,0.66663456,0.50616646,0.5230378462150309,4925.01,0.4810004234313965,0.13899993896484375,1.0,2
0.36239433,0.23421288,0.12818146,2.5784919255755447,7453.0,0.020999908447265625,0.08900070190429688,0.2200002670288086,2
1.6108274,0.84745693,0.7633705,-0.6223641557975998,4176.54,0.6919999122619629,0.19299983978271484,1.4600000381469729,2
1.2550707,0.70192003,0.55315065,0.7521943837050635,4743.49,0.5820002555847168,0.13499975204467773,1.1400003433227541,2
1.4226408000000001,0.7679682,0.6546725999999999,-0.4300350487181213,4305.0,0.7470002174377441,0.12999987602233887,1.261000156402588,2
1.186183,0.6732874,0.5128956,0.2664820655611635,4857.625,0.5109996795654297,0.1119999885559082,1.0399999618530271,2
1.1762996000000001,0.66919756,0.507102,0.5100413999512305,4895.0,0.4690003395080566,0.15999984741210938,1.0199995040893557,2
1.4269142,0.77650213,0.6504121,-0.16801486484253658,4535.0,0.6500000953674316,0.18000030517578125,1.270000457763672,2
1.2041807,0.6820016,0.5221791,0.5523316710896875,4767.4023,0.4969997406005859,0.1970000267028809,1.0400004386901855,2
1.191278,0.67420816,0.5170698,0.5421358479500888,4858.28,0.5079998970031738,0.1659998893737793,1.079999923706055,2
1.2114205,0.68558073,0.5258398,0.8758808861912168,4821.6665,0.5570001602172852,0.12199974060058595,1.0300006866455078,2
1.1649241000000001,0.66479254,0.5001316,1.0164128743548009,4917.33,0.4210000038146973,0.15399980545043945,1.0,2
1.314848,0.73058224,0.5842656999999999,0.8521561116573615,4658.31,0.5479998588562012,0.19099998474121094,1.2499995231628418,2
1.2479296,0.69910765,0.5488219,0.6970787189514613,4712.8667,0.4990000724792481,0.21199989318847656,1.1400003433227541,2
1.2205643999999998,0.6922507,0.52831364,0.5987588914090161,4835.467000000001,0.5,0.1790003776550293,1.0800008773803709,2
1.2546291,0.7029295,0.55169964,1.2045670671284352,4742.7935,0.3680000305175781,0.319000244140625,1.1500000953674316,2
1.115305,0.6419468,0.47335815,0.8193896602703425,4976.2666,0.4660000801086426,0.1400003433227539,0.8900003433227539,2
1.2421784,0.6974100999999999,0.54476833,0.7461470549945961,4859.4663,0.5120000839233398,0.14999961853027344,1.0499992370605469,2
1.2751875,0.71179914,0.56338835,0.9973564250566441,4729.0,0.5260000228881836,0.1939997673034668,1.1700005531311035,2
1.4483184999999998,0.7836666,0.6646519000000001,-0.12109477348857035,4546.655,0.6150002479553223,0.1979999542236328,1.25,2
1.2060132,0.6805401,0.5254731,0.5481443353383426,4771.0,0.5120000839233398,0.1420001983642578,1.079999923706055,2
1.2607078999999999,0.7033262,0.55738163,1.3810130167628143,4785.28,0.5440001487731934,0.12400007247924805,1.1360006332397459,2
1.2557831,0.70191765,0.55386543,0.5595179676032185,4719.9,0.5289998054504395,0.1510000228881836,1.010000228881836,2
1.2881832,0.7172251000000001,0.57095814,1.1287219190489814,4813.2,0.5440001487731934,0.1659998893737793,1.0600004196166992,2
1.2890476999999998,0.7171035,0.57194424,0.9325943206292902,4779.015,0.5780000686645508,0.1119999885559082,1.2000007629394531,2
0.47134972,0.30310726,0.16824245,1.5161887751263432,7119.668000000001,0.15400028228759766,0.060999870300292976,0.4100008010864258,2
1.2677383,0.70750904,0.5602293,1.5714219900598982,4799.38,0.5510001182556152,0.125,1.0699996948242188,2
1.2520695,0.7003536,0.55171585,1.671796259202127,4785.45,0.5320000648498535,0.11299991607666016,1.1499996185302734,2
1.2767271999999998,0.7119098,0.5648174,1.0222947298340586,4831.125,0.5430002212524414,0.15000009536743164,1.1599998474121094,2
1.4166818,0.77113676,0.645545,0.44547513129912103,4522.405,0.6089997291564941,0.19000005722045896,1.2699995040893557,2
1.3060889,0.7250705,0.58101845,0.8984230476155641,4623.9,0.6019997596740723,0.10100030899047853,1.1599998474121094,2
1.1435103000000002,0.65350723,0.49000309999999997,0.7015346986851583,4958.032999999999,0.4329996109008789,0.1270003318786621,1.0,2
1.5045028,0.80806684,0.6964359,-1.4442503003690472,4372.1196,0.6810002326965332,0.15999984741210938,1.3900003433227541,2
1.2741795,0.71247005,0.5617094,1.3786541141801774,4752.75,0.5939998626708984,0.1119999885559082,1.0900001525878906,2
1.1307416000000001,0.6483717,0.4823699000000001,2.4391320452539755,4942.825,0.490999698638916,0.05299997329711914,0.989999771118164,2
0.9078540999999999,0.5441951999999999,0.36365890000000006,1.721366593288396,5490.6665,0.36700010299682617,0.1399998664855957,0.7100000381469727,2
1.2791548000000001,0.7134695,0.5656853000000001,0.8802214526739682,4727.0,0.5190000534057617,0.11500024795532228,1.1000003814697266,2
1.6572666,0.86607265,0.79119396,0.14298560106053593,4148.717000000001,0.7220001220703125,0.18400001525878906,1.5500001907348633,2
1.9311308999999997,0.96666956,0.9644613000000001,-1.0811309088256849,4070.23,0.6589999198913574,0.30900001525878906,1.6999998092651367,2
1.2007093,0.6826544,0.51805496,0.5318230886232982,4837.325,0.4869999885559082,0.11800003051757812,0.9340000152587892,2
1.5170856000000001,0.81087923,0.7062063000000001,-0.1325144777249463,4331.29,0.6380000114440918,0.2109999656677246,1.3900003433227541,2
0.45321274,0.5971589,-0.14394617,1.724031011339969,7846.5,0.12200021743774415,0.06299972534179688,0.3599996566772461,2
1.1612396,0.67047596,0.49076366,0.6169927664160184,4956.98,0.505000114440918,0.1230001449584961,1.010000228881836,2
2.0586014,1.0146523,1.0439491,-1.3922347286566783,3906.9866,0.7729998826980591,0.23500001430511475,1.6110000610351562,2
1.5667733999999998,0.83144283,0.7353306,-0.017097761147184087,4178.5034,0.6960000991821289,0.2759995460510254,1.3700008392333984,2
1.2277917999999999,0.6901616999999999,0.5376301,0.5844833489385888,4797.532999999999,0.5130000114440918,0.14400005340576172,1.0700006484985352,2
1.1829495,0.6719961,0.5109534,0.4643208538276795,4849.0,0.5230002403259277,0.11800003051757812,1.020000457763672,2
1.1359887,0.65074205,0.48524666,0.3655613787359542,4949.675,0.4520001411437988,0.14799976348876953,1.010000228881836,2
1.4141378,0.76885414,0.6452836999999999,-0.05546528164958176,4608.905,0.6229996681213379,0.1770000457763672,1.2899999618530271,2
0.22891140000000001,0.15548468,0.07342672,1.390053244061075,8257.75,0.03800010681152344,0.08699989318847656,0.15799999237060547,2
1.4049811,0.76863813,0.636343,-0.1974935287786046,4617.815,0.6669998168945312,0.16300010681152344,1.2899999618530271,2
1.1399479,0.65361404,0.48633385,2.187801347242296,4923.1997,0.5349998474121094,0.06599998474121094,0.9500007629394532,2
1.2700033000000002,0.7087984,0.5612049,0.8478139701960785,4802.8823,0.5210003852844238,0.1079998016357422,0.8969993591308594,2
1.2367053,0.6965699000000001,0.5401354,0.21213215051453813,4929.0,0.5299997329711914,0.12600040435791016,1.0399999618530271,2
1.1369696000000002,0.6517576999999999,0.48521185,0.6016357366742469,4924.1,0.5019998550415039,0.11500024795532228,0.9500002861022948,2
1.3206987,0.73307896,0.5876198,-1.7752027315193413,4720.9,0.6079998016357422,0.14499998092651367,1.1500005722045898,2
1.2364612,0.69501305,0.5414481,0.7376921434663402,4736.0,0.4260001182556152,0.2719998359680176,1.1099996566772459,2
0.20320892,0.13832092,0.064888,2.0846829621497385,7998.6665,0.04199981689453125,0.03199958801269531,0.1700000762939453,2
1.4780846,0.7969823,0.6811023,-0.3157123479232542,4351.7,0.6210002899169922,0.25099992752075195,1.329999923706055,2
1.49122,0.8023100000000001,0.68891,-0.6377253232935907,4376.56,0.9730000495910645,0.08500003814697266,1.3499999046325684,2
1.2563381,0.7027278,0.5536103,0.6162607562223368,4756.665,0.44300031661987305,0.25499963760375977,1.170000076293945,2
1.154717,0.66002893,0.49468803,0.6512392373320246,4917.8,0.4770002365112305,0.13699960708618164,1.010000228881836,2
1.2485332,0.7008257,0.54770756,1.2351632895890958,4729.567,0.5419998168945312,0.15199995040893555,1.1400003433227541,2
1.7561278000000002,0.9074278,0.84870005,-0.8476312445433933,4240.31,0.9730000495910645,0.1660001277923584,1.570000171661377,2
1.4259148000000001,0.7757702,0.6501446,-0.2776103785259689,4495.468,0.6909999847412109,0.1529998779296875,1.2100000381469729,2
1.2470398,0.6996803,0.54735947,0.5452666275266704,4722.75,0.5410003662109375,0.13499975204467773,1.119999885559082,2
1.1978593000000002,0.6784005,0.5194588,0.5234661899264665,4851.3335,0.5209999084472656,0.1269998550415039,1.0699996948242188,2
1.2094755,0.6851286999999999,0.5243468000000001,0.9102425374041516,4729.17,0.5069999694824219,0.19099998474121094,1.0489997863769531,2
1.1630135,0.66045284,0.5025606,0.2954837362861227,4880.687,0.5079998970031738,0.09999990463256836,0.979999542236328,2
1.1954198,0.6752329,0.5201869,0.5063420737403828,4829.75,0.4899997711181641,0.1680002212524414,1.079999923706055,2
1.2042651000000002,0.68960047,0.51466465,0.4656767282122552,4841.2803,0.4840002059936523,0.15399980545043945,1.0700001716613772,2
1.3100753,0.7269788,0.5830965,1.0162938598204292,4691.2324,0.7699999809265137,0.23000001907348636,1.2099995613098145,2
1.1950631,0.6760191999999999,0.5190439,0.5526683945086095,4837.6665,0.4699997901916504,0.1360001564025879,1.0700006484985352,2
1.2586856000000002,0.70564795,0.55303764,0.008652153732979784,4721.3335,0.5030002593994141,0.21799993515014648,1.1100006103515625,2
1.3141798999999998,0.729383,0.5847969,-0.5914468152244101,4762.0,0.5620002746582031,0.15399980545043945,1.1599998474121094,2
1.456274,0.78768826,0.6685858,-0.0131428956527877,4432.795,0.6500000953674316,0.16699981689453125,1.239999771118164,2
0.12806130000000002,0.10096741,0.027093887,1.4614272940113882,9120.667,0.05700016021728516,0.039999961853027344,0.05000019073486328,2
1.1233106000000002,0.6461768,0.47713375,0.4269449235738634,4981.05,0.4749999046325684,0.15700006484985352,0.9700002670288086,2
1.5330977,0.8168988,0.7161989000000001,-0.4601664937085168,4185.8896,0.6630001068115234,0.19999980926513672,1.3600006103515625,2
1.1060633999999998,0.6376376,0.46842575,-0.6063752382850609,5003.5,0.41900014877319336,0.1640000343322754,0.9699997901916504,2
1.3896903999999999,0.75891304,0.63077736,0.9467227642414588,4547.765,0.5909996032714844,0.18000030517578125,0.8590002059936523,2
0.60282135,0.37866497,0.22415638,1.8285460208493407,6411.1,0.21000003814697266,0.06299972534179688,0.4699993133544922,2
1.4112487,0.7686571999999999,0.6425915,-0.9035674940416474,4668.7334,0.6640000343322754,0.1360001564025879,1.3000001907348633,2
0.89699364,0.5333661999999999,0.36362743,3.377279943015268,5498.5,0.3400001525878906,0.037999629974365234,0.7700004577636719,2
1.3754625,0.7540455,0.62141705,0.7037945575272141,4551.65,0.5789999961853027,0.1919999122619629,1.2300004959106443,2
1.1707077,0.6653142,0.5053935,1.301860313314176,4821.0,0.4499998092651367,0.1979999542236328,1.0700001716613772,2
1.5613923,0.83189535,0.72949696,-1.8351889363103384,4204.925,0.9099998474121094,0.06299996376037598,1.380000114440918,2
1.2051187,0.68205166,0.5230670000000001,1.3003814887960452,4771.0,0.4069995880126953,0.02300024032592773,1.0469999313354492,2
1.499279,0.80659294,0.6926861,-0.3660202449779817,4303.61,0.6349997520446777,0.26000022888183594,1.3400001525878906,2
1.1813202,0.66926956,0.5120505999999999,0.7696450721269308,4853.2,0.4609999656677246,0.14800024032592773,1.0900001525878906,2
1.5781827,0.8372383,0.7409444000000001,-0.2403445350681537,4340.0024,0.6240000724792479,0.32700014114379883,1.3599996566772459,2
1.245048,0.7001548000000001,0.54489326,0.6377598712496706,4736.6196,0.5460000038146973,0.10900020599365234,1.1099996566772459,2
1.6973486,0.88230944,0.81503916,-0.6848347294360266,4046.25,0.9689998626708984,0.1789999008178711,1.5300002098083496,2
