bp_rp,g_rp,bp_g,g_abs_mag,teff_val,j_h,h_k,label
5.9529046999999995,1.7666683,4.1862364,-1.0848077196140764,3280.25,1.3470001220703125,1.190999984741211,1
5.770525,1.6258659,4.144659,-0.17162698807976184,3284.3333,1.384000301361084,0.8680000305175781,1
5.4684715,1.6108141000000002,3.8576574,5.80358206995871,3284.6667,1.6510000228881836,1.3880000114440918,1
5.0366583,1.7351217,3.3015366000000004,4.379214598787724,3288.3333,1.4090003967285156,0.7540001869201659,1
4.959901,1.5968618,3.363039,1.2238538557540402,3318.6667,1.3619999885559082,0.5719995498657227,1
4.665521599999999,1.5553551,3.1101665,0.30732894107976705,3316.0,1.258000373840332,0.6069998741149902,1
4.663043,1.4986868,3.1643562000000003,1.5529379451995808,3296.6667,1.1309995651245115,0.4739999771118164,1
4.526351999999999,1.4949055,3.0314465,0.7689463126451219,3291.3333,1.0440001487731934,0.3269999027252197,1
4.221444,1.5164833,2.7049608,-3.1874915300230526,3353.75,1.2110004425048828,0.5799999237060547,1
4.07115,1.4948015,2.5763483,0.2723559896431098,3349.0,1.1079998016357422,0.5659999847412109,1
3.9509114999999997,1.425065,2.5258465,0.02757212052594582,3290.0,1.2730002403259275,0.4879999160766602,1
3.950861,1.9009581000000002,2.049903,-2.6156065245273297,3798.365,0.9320006370544434,0.4210000038146973,1
3.9182086000000003,1.3911576,2.5270509999999997,-0.594204304546297,3709.0,1.1099999845027924,0.3499999940395355,1
3.9171734,1.4135065,2.5036669,-2.4212941888320363,3307.0,1.1379995346069336,0.43900012969970703,1
3.8458547999999997,1.416851,2.4290037,-0.2205549320990912,3335.0,1.1540002822875977,0.4560003280639648,1
3.7835302000000004,1.5652466,2.2182837,0.5139228923675425,3407.6667,1.3970003128051758,0.7189998626708984,1
3.745861,1.4125223,2.3333387,0.5794007302168787,3348.0,1.0489993095397951,0.4630002975463867,1
3.684678,1.4215288000000001,2.2631493,2.6752402548698337,3709.0,1.2770004272460938,0.4889998435974121,1
3.6812544000000003,1.4233551000000002,2.2578993,0.987964531251052,3749.615,1.1289997100830078,0.5729999542236328,1
3.6231174,1.3862333,2.236884,2.6329706590898247,3682.545,1.1449995040893557,0.4409999847412109,1
3.583311,1.3907213,2.1925898,-10.745486132865976,3772.4624,1.3100004196166992,0.5289993286132812,1
3.5462847,1.3789387,2.1673459999999998,0.6588649072601918,3666.0,1.0539999008178709,0.4720001220703125,1
3.5249667000000002,1.0572915,2.4676752,-2.4453296926080235,3451.0,1.010000228881836,0.8899998664855957,1
3.5239849999999997,1.3572053999999998,2.1667794999999996,-0.06298282134175183,3319.5,1.0420002937316897,0.4699997901916504,1
3.5157156,1.3623381,2.1533775,-1.3896671510944287,3586.0798,1.0959997177124023,0.4759998321533203,1
3.4883614,1.3095608,2.1788006,0.09798123491626144,3295.25,1.204999923706055,0.5240001678466797,1
3.4410877,1.3856973999999997,2.0553904,-0.755366401213653,4065.0,1.1419997215270996,0.4200000762939453,1
3.4273767,1.337409,2.0899677,-0.16826152467711353,3306.0,1.0629997253417969,0.3980002403259277,1
3.4138985,1.4516125,1.962286,2.7832548089078126,3754.74,1.4159998893737793,1.9809999465942385,1
3.3735322999999995,1.4385643,1.934968,-2.102567556458194,3655.3,1.197000503540039,0.5999994277954102,1
3.3615475,1.3476725,2.013875,1.9958839574958347,4297.63,1.1510000228881836,0.4689998626708984,1
3.294036,1.3426027,1.9514331999999999,-3.278889404317926,4456.245,1.0789995193481443,0.3920001983642578,1
3.289423,1.370945,1.918478,-0.3845366536775536,3338.0,0.0,0.0,1
3.2557840000000002,1.4510908000000002,1.8046932,-1.922452465054775,3894.0352,1.1900005340576172,0.5260000228881836,1
3.2499208,1.2902489,1.959672,-0.5557173816112879,3305.6667,0.9750003814697266,0.4029998779296875,1
3.2403402000000003,1.4243774,1.8159628,-1.8467145568710064,3920.6797,2.0380001068115234,1.364999771118164,1
3.2381029999999997,1.3666753999999999,1.8714275000000002,-1.274548193384085,4040.9636,1.016000270843506,0.3639998435974121,1
3.2114906000000003,1.3065871999999998,1.9049034,-1.2026757560509085,4058.3076,0.0,0.0,1
3.1822996,1.29601,1.8862896,-0.2852902814269456,4065.0,1.2540006637573242,0.3919997215270996,1
3.177103,1.4339752000000001,1.7431278000000001,-0.5701487684616424,3862.0203,1.6449995040893557,0.8880000114440918,1
3.0812235,1.3148575,1.7663659999999999,0.08349336031124466,4220.7427,0.9329996109008788,0.430999755859375,1
3.0703478,1.3352985000000002,1.7350491999999997,-2.4866885578932525,3762.1501,1.0539999008178709,0.5150003433227539,1
3.0641602999999997,1.3599529,1.7042074,-5.878016754822787,4431.6753,1.059000015258789,0.5049996376037598,1
3.0287352000000003,1.3029423,1.7257929,-1.2595606562796746,4011.2275,0.9499998092651368,0.3979997634887695,1
3.0172548,1.274931,1.7423238999999997,-1.8973583118087343,3533.2349,0.9270000457763672,0.4010000228881836,1
3.0158357999999996,1.32195,1.6938858,-1.3209794048428023,4070.3447,1.1319994926452637,0.4970002174377442,1
2.9613266,1.2919129999999999,1.6694136000000002,-2.4183412523424934,4142.8066,1.0009999275207522,0.3540000915527344,1
2.8986282,1.3289633,1.5696649999999999,-1.220341676862656,4577.48,0.9320001602172852,0.36100006103515625,1
2.85983,1.3659925,1.4938373999999999,-1.3346860783809051,3771.015,1.2239999771118164,0.6760005950927734,1
2.8117504,1.3310298999999999,1.4807204999999999,-0.08310029081224712,4618.94,1.064000129699707,0.5089998245239258,1
2.807334,1.2403412,1.5669928,-3.3392942956617166,3774.67,0.993000030517578,0.3280000686645508,1
2.7938242,1.2680159,1.5258083,-1.7236869960094054,4336.298,1.1500005722045898,0.5900001525878906,1
2.7895640999999998,1.2425232,1.5470409,-1.0947432765532383,3904.36,0.991999626159668,0.3429999351501465,1
2.779747,1.2574653999999998,1.5222816000000001,-2.5182926980595326,3749.19,0.9479999542236328,0.33099985122680664,1
2.7265509999999997,1.2547207,1.4718303999999998,-1.1274425679707178,3836.6199,1.0089998245239258,0.4439997673034668,1
2.7064237999999996,1.3336706,1.3727531000000002,0.5242797749883971,3850.855,1.3969998359680176,1.4419999122619631,1
2.679965,1.2601376,1.4198275,-1.4961491183490343,4275.44,0.9219999313354492,0.4010000228881836,1
2.6760035,1.1754398000000001,1.5005636,-2.544150308345543,3539.0,0.8480000495910645,0.3499999046325684,1
2.6466799,1.2223129,1.424367,-0.26967394675428835,3523.0,0.997000217437744,0.33699989318847656,1
2.6349697,1.2251558,1.4098138999999998,-2.0031717351703615,3710.6667,0.9429998397827148,0.3359999656677246,1
2.6240292000000003,1.2969979999999999,1.3270311000000001,-1.570591919334429,4315.1724,0.9720005989074708,0.4419999122619629,1
2.6099606,1.5818462,1.0281143,-7.834065942100742,3665.3333,0.9659996032714844,0.5320000648498535,1
2.6078740000000002,1.280096,1.3277778999999998,-1.1003415192827541,3816.035,1.0060000419616701,0.4320001602172852,1
2.5652037,1.1855383,1.3796654,-0.9521811637208586,3455.5,0.8910007476806641,0.4249997138977051,1
2.5640068,1.1836033000000001,1.3804035,-2.8964770799211017,4018.8535,1.0089998245239258,0.332000732421875,1
2.5333118,1.1948233,1.3384886,-1.9670178860594945,3926.645,0.9149999618530272,0.3390002250671387,1
2.5167856,1.2122393,1.3045464,-1.4813325613817483,3431.0,0.9900007247924804,0.3209991455078125,1
2.5050467999999997,1.2121648999999999,1.2928819999999999,-4.612639367080288,3812.055,0.9310007095336914,0.3189997673034668,1
2.4926467,1.1552048000000001,1.3374419,-2.091164113414884,3650.0,0.8999998569488525,0.23000001907348636,1
2.473877,1.1424798999999999,1.331397,-2.64246954023772,3775.15,0.9239997863769532,0.2560000419616699,1
2.4727688,1.1589279,1.3138409,-0.3915747186959422,3657.0125,0.9119997024536132,0.31600046157836914,1
2.4492483,1.1652021000000001,1.2840462,-0.3133835173881536,3482.0,0.9530000686645508,0.3959994316101074,1
2.440815,1.1298914,1.3109236000000002,-1.8229918865431216,3763.9465,1.0240001678466797,0.3080000877380371,1
2.439167,1.2884836000000002,1.1506834,-4.775970573938956,3825.455,1.2480001449584959,0.7070002555847168,1
2.4108963,1.1542014999999999,1.2566948,-2.3323417255238503,3547.3333,0.9620003700256348,0.3209996223449707,1
2.4066582000000003,1.1455536,1.2611046000000001,-4.4282384246010045,3823.5364,0.8899993896484375,0.3159999847412109,1
2.3971862999999995,1.1901436,1.2070427,-1.5648729786595936,3726.21,0.9549999237060548,0.3839998245239258,1
2.3658848,1.2633963,1.1024885,-0.16584752156412108,3600.0,1.281999588012695,0.7379999160766602,1
2.3152475,1.1871948,1.1280527,-2.464819656325972,3598.225,0.8769998550415039,0.4219999313354492,1
2.2908888,1.1047211000000001,1.1861677,-1.084464196605385,3985.39,0.8449997901916504,0.3420000076293945,1
2.2789973999999997,1.0892506000000002,1.1897468999999998,-1.039760891526644,3851.045,0.9659996032714844,0.2700004577636719,1
2.274212,1.1292839,1.1449280000000002,-1.5026068120878726,3851.11,0.9079999923706056,0.2739996910095215,1
2.2713747000000004,1.2248726,1.0465021,-1.0349948356632943,3785.5364,1.781999588012695,1.6840004920959473,1
2.2459269,1.1633778000000001,1.0825491000000003,-3.68013118078349,3665.5,0.9580001831054688,0.3959999084472656,1
2.2360272,1.0801315,1.1558957,-1.3707543364034365,3750.673,0.8600001335144043,0.23000001907348636,1
2.2324047,1.1544914,1.0779133,-5.542164037678519,3571.0,0.9559993743896484,0.3870005607604981,1
2.2091331000000003,1.0574312,1.1517019,-1.807160538424196,4024.71,0.9119997024536132,0.3450002670288086,1
2.1889782,1.0603608999999998,1.1286173000000002,-1.3181804733588258,4004.7349,0.9629993438720704,0.2560005187988281,1
2.1347551,1.144577,0.9901781,-3.2211978014112432,3868.755,0.7209997177124023,0.30100011825561523,1
2.1342154,1.1075878000000001,1.0266275,-2.432642054217649,3804.6523,0.9029998779296876,0.3949999809265137,1
2.087327,1.1104541,0.9768728999999999,-2.8028920771461485,4147.6665,0.8410000801086426,0.30899977684021,1
2.078991,1.057456,1.0215349,-5.587133478200227,3659.0,0.993000030517578,0.42100048065185547,1
2.0614405,1.0688448,0.9925957000000001,-2.0362828068862657,3978.1602,1.1430001258850098,1.122999668121338,1
2.0571747,1.0424175,1.0147572,-1.7140690240745258,4030.77,0.7790002822875977,0.3579998016357422,1
2.0525198000000002,1.1734513999999998,0.8790684000000001,1.7845076895846184,4052.4275,1.9169998168945312,1.5149998664855957,1
2.0317515999999998,1.0399332000000001,0.9918184000000001,-9.572917310903037,3898.0098,0.9000005722045898,0.2349996566772461,1
2.024518,1.0004415999999998,1.0240764999999998,-3.1606308161519263,4062.53,0.8409996032714844,0.22100067138671875,1
2.0140953,1.089963,0.92413235,-4.8990902767633,4022.835,0.8479995727539062,0.2800002098083496,1
2.0084677,1.1244249,0.88404274,-0.953936441814772,3539.0,1.003000259399414,0.32199954986572266,1
2.0011702000000002,1.0266504,0.9745197,-1.0494158199702284,3786.5225,1.5380001068115234,1.3030004501342771,1
1.9931335,1.0335073000000001,0.9596261999999999,-4.049958605047543,3995.875,0.9280004501342772,0.2399997711181641,1
1.9845066000000002,0.9826021,1.0019045,-1.9101085852951376,3799.5,0.8810005187988281,0.2699995040893555,1
1.9777822,1.0426731,0.93510914,-2.2050581519125103,4166.07,0.88800048828125,0.30900001525878906,1
1.9193686999999997,0.9750242,0.9443444999999999,-3.3161234835713103,3880.25,0.7960004806518555,0.2739996910095215,1
1.8751488,0.9600735,0.9150753,-2.995825945689667,3793.0,0.9110002517700196,0.2049999237060547,1
1.8267908,0.93994236,0.88684845,3.7417065191197416,3940.75,0.7309999465942383,0.17599964141845706,1
1.8074168999999998,0.93395615,0.87346077,-2.339037068822943,3942.1367,0.8499994277954102,0.18800067901611328,1
1.772996,0.9590864,0.81390953,-2.52040067662638,4166.5,0.9670000076293944,0.2569999694824219,1
1.7450533,0.9179535,0.8270997999999999,-2.497038129641496,4269.0,0.8249998092651367,0.3819999694824219,1
1.7337608,1.1568918,0.576869,-0.29166449259361826,4637.55,1.0260000228881836,0.7619996070861816,1
1.7331371,0.9305791999999999,0.80255795,-4.05389506980892,4188.6997,0.8080000877380371,0.4219999313354492,1
1.6998118999999998,0.9280815,0.7717304,-3.0269565612003437,4231.0,0.8229999542236328,0.2569999694824219,1
1.6887150000000002,0.89112663,0.79758835,-2.7589087743310365,4340.0,0.7899999618530273,0.17199993133544922,1
1.6598901999999998,0.9624671999999999,0.6974229999999999,-3.449086404752886,4304.75,0.0,0.0,1
1.6494455000000001,0.56774807,1.0816975,-3.0067688535481234,3858.0,1.254000186920166,0.9219999313354492,1
1.6452465,0.92591953,0.719327,-3.2168486985491285,4342.41,0.7790002822875977,0.3530001640319824,1
1.6386776,0.93944263,0.69923496,-2.5905184547690685,4334.6665,1.694000244140625,1.4439992904663086,1
1.6157389,0.85332584,0.762413,-1.2043187357031258,4285.6665,0.6710004806518555,0.2480001449584961,1
1.6156511,0.86723137,0.74841976,-3.1628503710792657,4075.6533,0.7890000343322754,0.15599966049194336,1
1.5739107,0.8582238999999999,0.7156868000000001,-6.189494285700196,4186.27,0.800999641418457,0.21000003814697266,1
1.5696526000000002,0.82652855,0.743124,-2.74869976249947,4298.59,0.702000617980957,0.18799972534179688,1
1.4914684,0.8155279000000001,0.6759404999999999,2.00421036728323,4454.61,0.8239994049072266,0.6070003509521484,1
1.4473801000000002,0.85198116,0.5953989000000001,-4.330491102620734,4449.2134,0.869999885559082,0.4130001068115233,1
1.3952942,0.8142719,0.58102226,-3.885464576252197,4762.66,0.9679999351501464,0.3390002250671387,1
1.3872652,0.80424786,0.58301735,-0.7654361330152071,4621.1333,0.8730001449584961,0.5520000457763672,1
1.3725185,0.7896557,0.58286285,-2.5767073489018633,4763.5947,0.8890004158020021,0.3359999656677246,1
1.2417878999999998,1.0021505,0.23963737,1.8870649270845201,5000.0,1.5999999046325684,1.3660001754760742,1
1.2403975,0.7265959,0.5138016,0.4774178677698053,4953.5,0.6259994506835938,0.4650001525878906,1
1.1420288,0.66951656,0.47251225,-3.3815963656478734,5001.15,0.9959998130798341,0.4159998893737793,1
1.1306266999999999,0.6619644,0.46866226,-0.0205367806801533,4997.0,0.5069999694824219,0.18400001525878906,1
1.120758,0.8395995999999999,0.28115845,3.1301560359053013,5095.6333,2.314999580383301,1.7830004692077637,1
1.0989065,0.88529587,0.21361065,3.711188193343148,5215.175,1.2230000495910645,1.1770000457763672,1
0.9532294,0.58089876,0.37233067,-3.2122788865210232,5385.75,0.2199997901916504,0.10400009155273438,1
0.9288825999999999,0.6156845000000001,0.3131981,-2.2039154996552317,5171.6333,1.7279996871948242,1.3580007553100586,1
0.85654926,0.51801014,0.33853912,-0.2343889254210758,5581.67,0.3210000991821289,0.21899986267089844,1
0.81836796,0.74414825,0.0742197,0.4975535794699404,5286.9,1.8279995918273928,1.620999813079834,1
0.78388214,0.65517807,0.12870407,0.524898882462125,5286.9,2.04800033569336,1.811999797821045,1
0.53467846,0.6315813,-0.09690285,-6.867747707853653,5952.0,1.2290000915527344,1.0409998893737793,1
0.23261166,0.1676569,0.06495476,-0.5582932434710788,8556.0,0.010999679565429688,-0.024000167846679688,1
6.620984,2.0258331000000003,4.595151,-1.5408643591443294,3281.0,1.1499996185302734,0.0,1
5.6188154,1.6917294999999999,3.9270859,-3.5137190991702205,0.0,1.6290006637573242,0.7299995422363281,1
4.826820400000001,1.6384792000000001,3.1883411,3.7468723348502837,3295.25,1.420000076293945,0.7320003509521484,1
6.009365,1.6337184999999999,4.3756466,0.408228904708654,3286.0,0.9409999847412108,0.5420002937316895,1
5.770525,1.6258659,4.144659,-0.17162698807976184,3284.3333,1.384000301361084,0.8680000305175781,1
5.4684715,1.6108141000000002,3.8576574,5.80358206995871,3284.6667,1.6510000228881836,1.3880000114440918,1
4.959901,1.5968618,3.363039,1.2238538557540402,3318.6667,1.3619999885559082,0.5719995498657227,1
4.3097115,1.5872078,2.7225037,0.38919996736495577,3349.0,1.5620002746582031,0.7769994735717773,1
4.4719169999999995,1.5824041000000002,2.889513,4.730917994636428,3288.75,1.4609999656677246,0.9720001220703124,1
3.7835302000000004,1.5652466,2.2182837,0.5139228923675425,3407.6667,1.3970003128051758,0.7189998626708984,1
4.164172,1.5627183999999998,2.6014538,-3.0805098387137697,3380.0,1.273000717163086,0.5899996757507324,1
3.1494590000000002,1.5587950000000002,1.5906639,2.7440692215072886,3702.5625,1.3640003204345703,0.810999870300293,1
4.665521599999999,1.5553551,3.1101665,0.30732894107976705,3316.0,1.258000373840332,0.6069998741149902,1
4.8280764000000005,1.5369616000000001,3.2911148,1.4235220376616091,3298.3333,2.9959993362426762,2.3350000381469727,1
4.119879,1.5317907,2.588088,3.5588202956296087,3384.25,1.360999584197998,0.6230001449584961,1
3.80968,1.5305643,2.2791157,0.3206799301635712,3709.0,1.2980003356933594,0.5180001258850098,1
4.2419767,1.5220976000000002,2.7198792000000003,2.29159482938104,3349.0,1.2779998779296875,0.5290002822875977,1
4.221444,1.5164833,2.7049608,-3.1874915300230526,3353.75,1.2110004425048828,0.5799999237060547,1
4.416821499999999,1.5056391000000002,2.9111824,1.2937359002779625,3346.3333,1.3579998016357422,0.5539999008178711,1
4.663043,1.4986868,3.1643562000000003,1.5529379451995808,3296.6667,1.1309995651245115,0.4739999771118164,1
4.07115,1.4948015,2.5763483,0.2723559896431098,3349.0,1.1079998016357422,0.5659999847412109,1
4.470407499999999,1.4919319,2.9784756000000003,0.5795657166872346,3293.0,0.9730000495910645,0.4119997024536133,1
4.0266266,1.4885778,2.5380487,4.524590410120184,3335.0,1.2690000534057615,0.5550003051757812,1
4.1286907,1.4824991,2.6461916000000003,0.22590296631983264,3335.0,1.3640003204345703,0.5699996948242188,1
4.0308256,1.4764700000000002,2.5543556,0.09644412639237032,3342.3333,1.4949998855590818,0.7189998626708984,1
3.6082773,1.4409332000000001,2.167344,-2.0257194201742905,3933.03,1.2019996643066406,0.564000129699707,1
4.0766125,1.4408455,2.635767,-2.494238267991669,3286.0,1.045000076293945,0.4899997711181641,1
3.3735322999999995,1.4385643,1.934968,-2.102567556458194,3655.3,1.197000503540039,0.5999994277954102,1
3.2403402000000003,1.4243774,1.8159628,-1.8467145568710064,3920.6797,2.0380001068115234,1.364999771118164,1
3.6812544000000003,1.4233551000000002,2.2578993,0.987964531251052,3749.615,1.1289997100830078,0.5729999542236328,1
3.684678,1.4215288000000001,2.2631493,2.6752402548698337,3709.0,1.2770004272460938,0.4889998435974121,1
3.1814356,1.4191388999999999,1.7622967,-3.818296445556229,3920.6797,1.1490001678466797,0.491999626159668,1
4.232628,1.4168673,2.8157606,-1.7161239773572028,3285.3333,1.0280003547668457,0.4239997863769531,1
3.8458547999999997,1.416851,2.4290037,-0.2205549320990912,3335.0,1.1540002822875977,0.4560003280639648,1
3.9171734,1.4135065,2.5036669,-2.4212941888320363,3307.0,1.1379995346069336,0.43900012969970703,1
3.583311,1.3907213,2.1925898,-10.745486132865976,3772.4624,1.3100004196166992,0.5289993286132812,1
3.6231174,1.3862333,2.236884,2.6329706590898247,3682.545,1.1449995040893557,0.4409999847412109,1
3.340847,1.3821115,1.9587355,-1.7696645368760464,3670.1497,1.0880002975463867,0.38700008392333984,1
3.5462847,1.3789387,2.1673459999999998,0.6588649072601918,3666.0,1.0539999008178709,0.4720001220703125,1
3.6203566,1.3769368999999998,2.2434196,-0.9495219232826636,3667.3835,1.1599998474121094,0.4899997711181641,1
3.0173902999999997,1.3647556,1.6526346,0.04970149286598158,4250.057,1.1639995574951172,0.629000186920166,1
3.6053038,1.3626728000000001,2.2426310000000003,-1.2768574498062577,3521.3225,1.2999992370605469,0.4590005874633789,1
3.5157156,1.3623381,2.1533775,-1.3896671510944287,3586.0798,1.0959997177124023,0.4759998321533203,1
3.419342,1.3621645,2.0571775000000003,1.0946965172750185,3783.27,1.329000473022461,0.5769996643066406,1
3.0641602999999997,1.3599529,1.7042074,-5.878016754822787,4431.6753,1.059000015258789,0.5049996376037598,1
3.3615475,1.3476725,2.013875,1.9958839574958347,4297.63,1.1510000228881836,0.4689998626708984,1
3.294036,1.3426027,1.9514331999999999,-3.278889404317926,4456.245,1.0789995193481443,0.3920001983642578,1
3.1977463,1.3288212,1.8689251,-1.4772429833077931,4328.0405,1.1869993209838867,0.393000602722168,1
3.0158357999999996,1.32195,1.6938858,-1.3209794048428023,4070.3447,1.1319994926452637,0.4970002174377442,1
3.1822996,1.29601,1.8862896,-0.2852902814269456,4065.0,1.2540006637573242,0.3919997215270996,1
3.1237388,1.2931485,1.8305901999999998,-1.6203503145489506,3296.5,0.8389997482299805,0.2990002632141113,1
3.0855937,1.2806435,1.8049502,-1.5696167967136638,3408.8132,0.9249998331069946,0.3500000834465027,1
2.9736366000000003,1.2748384,1.6987982,-1.3131773316949946,4602.3633,1.0970001220703125,0.3789997100830078,1
2.9783869,1.2720566,1.7063303,-3.0117038266574347,4407.7876,1.0249996185302734,0.3929996490478516,1
2.7938242,1.2680159,1.5258083,-1.7236869960094054,4336.298,1.1500005722045898,0.5900001525878906,1
2.9936876,1.2657537,1.7279339,-5.465844728739157,4283.49,1.1660003662109375,0.4670000076293945,1
2.8675241000000002,1.2555561000000002,1.611968,-2.1965300052714696,3667.96,0.6600003242492676,0.5699996948242188,1
2.7265509999999997,1.2547207,1.4718303999999998,-1.1274425679707178,3836.6199,1.0089998245239258,0.4439997673034668,1
2.8883638,1.2472438999999997,1.6411200000000001,-3.9584320335047596,3805.9402,1.0310001373291016,0.3900003433227539,1
2.9508162000000002,1.2472267,1.7035894,-10.59290657275671,4525.1523,1.0889997482299805,0.4050006866455078,1
2.7895640999999998,1.2425232,1.5470409,-1.0947432765532383,3904.36,0.991999626159668,0.3429999351501465,1
2.807334,1.2403412,1.5669928,-3.3392942956617166,3774.67,0.993000030517578,0.3280000686645508,1
2.7164650000000004,1.2394075,1.4770575000000001,-0.9461572656049348,4144.63,0.9460000991821288,0.31600046157836914,1
2.6349697,1.2251558,1.4098138999999998,-2.0031717351703615,3710.6667,0.9429998397827148,0.3359999656677246,1
2.2713747000000004,1.2248726,1.0465021,-1.0349948356632943,3785.5364,1.781999588012695,1.6840004920959473,1
2.776249,1.2167921,1.5594568000000002,-1.8735326210620613,3677.23,1.133000135421753,0.1700000762939453,1
2.5333118,1.1948233,1.3384886,-1.9670178860594945,3926.645,0.9149999618530272,0.3390002250671387,1
1.5458584,1.1940022,0.35185623,0.0,0.0,0.0,0.0,1
2.7287178,1.1911658999999999,1.5375518999999997,0.16126799171641434,3625.3767,0.8020000457763672,0.35699987411499023,1
2.3971862999999995,1.1901436,1.2070427,-1.5648729786595936,3726.21,0.9549999237060548,0.3839998245239258,1
2.5640068,1.1836033000000001,1.3804035,-2.8964770799211017,4018.8535,1.0089998245239258,0.332000732421875,1
2.0525198000000002,1.1734513999999998,0.8790684000000001,1.7845076895846184,4052.4275,1.9169998168945312,1.5149998664855957,1
2.6735463,1.1676984,1.5058479,-3.1015738910084463,3539.0,0.869999885559082,0.3070001602172852,1
2.4492483,1.1652021000000001,1.2840462,-0.3133835173881536,3482.0,0.9530000686645508,0.3959994316101074,1
2.2459269,1.1633778000000001,1.0825491000000003,-3.68013118078349,3665.5,0.9580001831054688,0.3959999084472656,1
2.4926467,1.1552048000000001,1.3374419,-2.091164113414884,3650.0,0.8999998569488525,0.23000001907348636,1
2.2324047,1.1544914,1.0779133,-5.542164037678519,3571.0,0.9559993743896484,0.3870005607604981,1
2.4066582000000003,1.1455536,1.2611046000000001,-4.4282384246010045,3823.5364,0.8899993896484375,0.3159999847412109,1
2.7576132,1.1404305000000001,1.6171826999999999,-0.7417319465347312,4134.607,1.0839996337890625,0.3650002479553223,1
2.440815,1.1298914,1.3109236000000002,-1.8229918865431216,3763.9465,1.0240001678466797,0.3080000877380371,1
2.4075594,1.1269202,1.2806392,-2.0141530960418343,3692.2676,0.8759999275207521,0.22100007534027102,1
2.4585571,1.1207198999999999,1.3378371999999998,-0.1567201695807583,3389.0,0.8850002288818359,0.30500030517578125,1
1.6762199,1.1056290000000002,0.570591,11.489796496185956,0.0,0.0,0.0,1
2.2789973999999997,1.0892506000000002,1.1897468999999998,-1.039760891526644,3851.045,0.9659996032714844,0.2700004577636719,1
2.208352,1.0639381,1.144414,-4.685950316286551,3884.7773,0.880000114440918,0.3389997482299805,1
2.0705986000000003,1.0627022,1.0078964,-6.678668629240318,3640.0,0.8049993515014648,0.4070005416870117,1
2.1889782,1.0603608999999998,1.1286173000000002,-1.3181804733588258,4004.7349,0.9629993438720704,0.2560005187988281,1
2.078991,1.057456,1.0215349,-5.587133478200227,3659.0,0.993000030517578,0.42100048065185547,1
2.2091331000000003,1.0574312,1.1517019,-1.807160538424196,4024.71,0.9119997024536132,0.3450002670288086,1
1.7752123,1.0566492,0.7185630999999999,-5.967055560343461,4402.0,1.368000030517578,1.3039999008178709,1
2.0317515999999998,1.0399332000000001,0.9918184000000001,-9.572917310903037,3898.0098,0.9000005722045898,0.2349996566772461,1
2.0011702000000002,1.0266504,0.9745197,-1.0494158199702284,3786.5225,1.5380001068115234,1.3030004501342771,1
2.024518,1.0004415999999998,1.0240764999999998,-3.1606308161519263,4062.53,0.8409996032714844,0.22100067138671875,1
1.9845066000000002,0.9826021,1.0019045,-1.9101085852951376,3799.5,0.8810005187988281,0.2699995040893555,1
1.1963367,0.98206234,0.2142744,5.783329307070664,4833.54,0.6099996566772461,0.6000003814697266,1
1.6594810000000002,0.96146584,0.6980152,-2.5181438354300845,4391.25,0.8509998321533203,0.3489999771118164,1
1.8452596999999997,0.94513893,0.90012074,-1.3701904804282456,3985.0,0.922999382019043,0.16699981689453125,1
1.6386776,0.93944263,0.69923496,-2.5905184547690685,4334.6665,1.694000244140625,1.4439992904663086,1
1.8074168999999998,0.93395615,0.87346077,-2.339037068822943,3942.1367,0.8499994277954102,0.18800067901611328,1
1.7450533,0.9179535,0.8270997999999999,-2.497038129641496,4269.0,0.8249998092651367,0.3819999694824219,1
1.9066113999999998,0.91675186,0.9898596,2.8741777368494645,3894.2175,0.8680000305175781,0.3129997253417969,1
1.7681808,0.9153509,0.85282993,-14.629206658334212,4357.2134,0.8489999771118164,0.1700000762939453,1
1.7210436000000002,0.9013071,0.8197365,-1.0498363034804683,4194.0,0.7779998779296875,0.3260002136230469,1
1.6652898999999997,0.8937434999999999,0.77154636,-2.3196888175548693,4265.0,0.8159995079040527,0.23000001907348636,1
1.6628914000000001,0.86937904,0.79351234,-2.899156178417485,4511.375,0.8559999465942383,0.14400005340576172,1
1.5739107,0.8582238999999999,0.7156868000000001,-6.189494285700196,4186.27,0.800999641418457,0.21000003814697266,1
1.120758,0.8395995999999999,0.28115845,3.1301560359053013,5095.6333,2.314999580383301,1.7830004692077637,1
1.5696526000000002,0.82652855,0.743124,-2.74869976249947,4298.59,0.702000617980957,0.18799972534179688,1
1.4914684,0.8155279000000001,0.6759404999999999,2.00421036728323,4454.61,0.8239994049072266,0.6070003509521484,1
1.3872652,0.80424786,0.58301735,-0.7654361330152071,4621.1333,0.8730001449584961,0.5520000457763672,1
1.4657106000000002,0.79620457,0.6695061,3.563595458110038,4473.0,0.5980005264282227,0.1269998550415039,1
1.2431450000000002,0.7652091999999999,0.4779358,2.1825058761162026,0.0,0.0,0.0,1
0.81836796,0.74414825,0.0742197,0.4975535794699404,5286.9,1.8279995918273928,1.620999813079834,1
0.78388214,0.65517807,0.12870407,0.524898882462125,5286.9,2.04800033569336,1.811999797821045,1
1.6494455000000001,0.56774807,1.0816975,-3.0067688535481234,3858.0,1.254000186920166,0.9219999313354492,1
0.5826645,0.37530040000000003,0.20736408,-1.308940439617782,6668.15,0.2899999618530273,0.2899999618530273,1
1.1706313999999998,0.66566086,0.50497055,0.7387309439816221,4933.8027,0.4489998817443848,0.14100027084350586,2
1.5259829,0.81552505,0.7104578,0.6882804809221668,4261.585,0.8460001945495605,0.2569999694824219,2
1.159275,0.662241,0.49703407,0.6682170614297007,4966.7734,0.4960002899169922,0.12099981307983397,2
2.5713139,1.1756716,1.3956423,-1.255444518824557,3594.0,0.8870000839233398,0.27300000190734863,2
-0.11833048,-0.07837105,-0.03995943,-0.7903433214947491,9164.0,0.01699972152709961,-0.01699972152709961,2
1.2148132,0.6823044,0.53250885,0.4565499621362133,4736.3335,0.5030000209808351,0.20199990272521973,2
1.4092083,0.7687979,0.6404104,0.7151625872049241,4444.393,0.5349998474121094,0.1960000991821289,2
0.20283556,0.13925743,0.06357813,1.6529823043308305,8086.75,0.006999969482421875,0.06199979782104492,2
1.9028769,0.96466875,0.9382081,-0.8557729274772043,3950.0,0.9349999427795409,-0.014999985694885254,2
1.3931351,0.7591543000000001,0.63398075,-0.0125545017490154,4370.0,0.565000057220459,0.20799994468688965,2
0.89464283,0.5319071,0.36273575,3.6056487825394505,5482.7466,0.2609996795654297,0.09399986267089844,2
2.4523277,1.1266298000000001,1.3256979,-1.1470600662252597,3624.9465,0.9009995460510254,0.3020000457763672,2
0.79023075,0.51343536,0.2767954,4.339514359892989,5859.0,0.2849998474121094,0.062000274658203125,2
2.9345512,1.2524242,1.6821270000000001,-0.7500271291077141,3301.0,0.8709998130798341,0.3340001106262207,2
1.4974575,0.805192,0.6922655,1.6189031024625926,4326.5376,0.5980005264282227,0.1639995574951172,2
1.1611771999999998,0.6620159000000001,0.49916124,1.0488214225863042,4888.73,0.4630002975463867,0.125,2
1.2629457,0.71628475,0.5466609,1.3016226576275898,4712.7,0.6810002326965332,0.055999755859375,2
1.0302672,0.62072706,0.40954018,1.3785509749491105,5096.4526,0.4289999008178711,0.08800029754638672,2
1.1994128000000002,0.67828846,0.52112436,1.4886340258687287,4806.385,0.4809999465942383,0.1679997444152832,2
1.3383756000000002,0.73925924,0.5991163,1.0275889684333634,4606.3335,0.3399996757507324,0.3700003623962401,2
1.9308839,0.9628453000000001,0.96803856,-0.4087841726612176,4035.8203,0.7579998970031738,0.2380003929138184,2
1.6926746,0.881217,0.81145763,2.324971194579099,4152.72,0.5999999046325684,0.17200040817260742,2
2.0708436999999997,1.0085468,1.0622969,-1.003341847237543,3902.3398,0.8529996871948242,0.2090001106262207,2
1.1637753999999998,0.6680298000000001,0.49574566,2.889643506957799,4951.79,0.3429994583129883,0.08800029754638672,2
1.3060374,0.72775507,0.57828236,0.5566114025794278,4650.737,0.4930000305175781,0.1700000762939453,2
1.3070035,0.72965384,0.57734966,1.2646563104703257,4633.5,0.5300002098083496,0.1269998550415039,2
0.3550763,0.23621035,0.11886597,2.7466643483706523,7508.0,0.037000179290771484,0.03899955749511719,2
1.4165807,0.7714658000000001,0.6451149,1.1313248733879409,4531.2,0.6929998397827148,0.12099981307983397,2
1.5877132,0.84070826,0.747005,0.06309780798500597,4268.9,0.8409996032714844,0.1400003433227539,2
0.26171875,0.1807065,0.08101225,2.179707525411436,7867.5,0.03299999237060547,0.07300043106079103,2
2.6551557,1.1904888,1.4646668,-2.152209688040473,3572.9424,1.0729999542236328,0.3650000095367432,2
2.0543122,1.0068898000000002,1.0474224,0.7415755526506373,3803.875,0.8479995727539062,0.22300004959106445,2
2.8601704,1.2195187,1.6406517,4.015669979761681,3687.3052,0.9100003242492676,0.2999997138977051,2
2.0174189,1.0049105,1.0125084,7.882901986223921,3731.75,0.689000129699707,0.2220001220703125,2
0.83711624,0.5030985,0.33401775,4.846185710392142,5701.3667,0.2969999313354492,0.06299972534179688,2
1.2276897,0.6920552,0.5356345,2.1347159576672734,4805.0,0.4900002479553223,0.14099979400634766,2
1.8112202000000002,0.9250927,0.8861275,-1.308059247700374,4022.005,0.7109999656677246,0.1970000267028809,2
1.8933495999999999,0.95232105,0.9410286,0.6190386692056471,3940.76,0.7139997482299805,0.2740001678466797,2
1.484992,0.8007373999999999,0.68425465,1.5889498106642908,4305.5225,0.5950002670288086,0.16099977493286133,2
1.3260688999999999,0.7350435000000001,0.59102535,-0.1241694677998435,4667.775,0.5320000648498535,0.12599992752075195,2
0.28404808,0.2024889,0.08155918,-0.03686650292918259,8478.333,0.01100015640258789,-0.032000064849853516,2
2.1133819,1.0233898000000001,1.089992,-2.3573514748640867,3891.0,0.9019999504089355,0.31999993324279785,2
0.48843575,0.31542587,0.17300987,2.413423017159369,6989.233,0.08699989318847656,0.019999980926513672,2
1.388536,0.7635536,0.62498236,-1.1277703240237678,4600.467000000001,0.5260000228881836,0.15000009536743164,2
1.1781313,0.6571033000000001,0.52102804,-1.0446814685610697,4720.0,0.4800000190734863,0.14999985694885254,2
1.311616,0.72554016,0.5860758,0.8514431727546974,4741.75,0.4600000381469727,0.2239999771118164,2
1.5642114,0.833406,0.7308054,-0.19636641310850853,4172.6665,0.7170000076293945,0.18499994277954104,2
2.2219548,1.0584784,1.1634765,-0.3822231911933951,3782.17,0.8540000915527344,0.09500002861022948,2
1.1816678,0.6754298000000001,0.506238,1.5380119803512766,4909.0,0.5019998550415039,0.08800029754638672,2
1.2369571000000001,0.6964412,0.5405159,0.6198255268935107,4785.1074,0.4629998207092285,0.15000009536743164,2
1.4145975,0.7716975,0.6429,0.1055244573236802,4460.69,0.6259999275207521,0.17399978637695312,2
1.1698393999999999,0.67109823,0.49874115,-0.5062348951868874,4901.5,0.3689999580383301,0.07200002670288086,2
1.384469,0.75970745,0.6247616,-0.10520543353434776,4572.24,0.5979995727539062,0.14100027084350586,2
1.5756638,0.8297651,0.7458986999999999,-0.36031173634954783,4272.0,0.7249999046325684,0.10800004005432128,2
1.2253642,0.6920028,0.53336143,-0.02758893112112837,4733.75,0.5059995651245117,0.11400032043457033,2
1.6650357,0.8698014999999999,0.7952342,-0.5393783621233368,4092.4302,0.7799999713897705,0.11699986457824707,2
1.1572771000000002,0.661397,0.49588013,0.8524693681388449,4994.8164,0.4559998512268066,0.11600017547607422,2
1.1637249,0.6610031,0.5027218,3.45037498959352,4959.498,0.4209995269775391,0.14099979400634766,2
0.52359104,0.3377962,0.18579483,1.133684390459191,6778.7,0.1979999542236328,0.09200000762939453,2
1.2664881000000001,0.7090969,0.55739117,0.8397365860647845,4786.025,0.5439996719360352,0.11299991607666016,2
1.1969023,0.6772013000000001,0.519701,1.1641457735686895,4850.0,0.5130000114440918,0.13000011444091794,2
1.1203527,0.64262295,0.4777298,1.0061941352363153,4928.875,0.4479999542236328,0.1419997215270996,2
0.5936861,0.39065170000000005,0.2030344,0.0,6666.335,0.18900012969970706,0.08699989318847656,2
0.48524284,0.30533314,0.17990970000000003,1.6511418980449852,7012.025,0.11699962615966795,0.0390005111694336,2
0.65693474,0.40812683,0.24880789999999997,1.867552724404796,6302.76,0.19099998474121094,0.08500003814697266,2
1.1649408,0.66230774,0.5026331,0.4004581122800701,4850.0,0.4730000495910645,0.12599992752075195,2
1.1092309999999999,0.6356783,0.4735527,0.8098806409191877,4956.45,0.4549999237060547,0.12400007247924805,2
1.1512008,0.66076374,0.49043703,0.35125052057219186,4881.0,0.49299979209899897,-0.009999990463256836,2
-0.084569454,-0.048944472999999995,-0.03562498,-1.5215017012928786,8765.333,-0.0820002555847168,0.02300024032592773,2
1.2560844,0.7006378000000001,0.5554465999999999,0.6954081045143745,4749.225,0.5830001831054688,0.13199949264526367,2
1.2264891000000002,0.694293,0.53219604,0.7360612796399977,4842.79,0.5699996948242188,0.12400007247924805,2
1.1070642,0.63698673,0.4700775,0.022297208453888828,4972.2466,0.4250001907348633,0.1380000114440918,2
1.3259907,0.7309971,0.5949936,1.1201142595472129,4633.4,0.5409998893737793,0.14300012588500974,2
1.310741,0.7286339,0.58210707,0.5318076583221796,4584.5,0.67799973487854,0.25100016593933105,2
1.841352,0.9383507,0.9030013000000001,-1.365568845253895,3930.125,0.810999870300293,0.1960000991821289,2
0.44665623,0.29181957,0.15483665,3.042496063307661,7129.75,0.180999755859375,-0.012000083923339844,2
1.5699358,0.8311023999999999,0.7388334,-0.2941027629764612,4201.893,0.6540002822875977,0.19000005722045896,2
1.1461325,0.6555251999999999,0.49060726,0.2949335223909593,4966.86,0.1509995460510254,0.3860001564025879,2
1.5000248,0.80639935,0.69362545,0.3360334594000314,4264.35,0.6130003929138184,0.1419997215270996,2
1.4107180000000001,0.7725811,0.63813686,1.4787928714114835,4575.19,0.5279998779296875,0.13499975204467773,2
1.660234,0.8716769,0.78855705,0.2965335335284429,4140.0,0.7079999446868896,0.25,2
1.6558943,0.86684036,0.7890539000000001,2.2086095202486007,4170.39,0.6139998435974121,0.17799997329711914,2
1.1371255,0.67698336,0.46014214,-3.560668080785998,4964.25,0.23000001907348636,0.12800025939941406,2
0.43108082,0.3074484,0.12363243,-3.2822297835585066,7604.5,0.13899993896484375,0.2309999465942383,2
0.44147299999999995,0.28791237,0.15356064,0.8848135150753969,7470.75,0.03699970245361328,0.009000778198242188,2
1.4737768,0.7995548000000001,0.674222,1.4873427493121982,4447.6,0.5339999198913574,0.1659998893737793,2
0.654346,0.4449401,0.20940589999999998,-0.5631830016592545,6489.75,0.08099985122680664,0.037000179290771484,2
0.5192260999999999,0.34379673,0.17542934,1.6695732243405883,7119.6665,0.028000831604003903,0.08099937438964844,2
0.63528347,0.39764214,0.23764133,3.746472363024125,6420.8496,0.2049999237060547,0.06599998474121094,2
1.2539878,0.70181894,0.55216885,1.013468336167346,4657.3335,0.6080000400543213,0.1809999942779541,2
1.8413171999999998,0.9355935999999999,0.9057235999999999,-0.8504309695668866,3902.2434,0.6310000419616699,0.20099973678588867,2
0.3376255,0.22903252,0.10859299,-0.2913614961519961,7867.6665,-0.009999275207519531,0.06400012969970703,2
0.7852020000000001,0.48320198,0.30200005,-0.7085568709485699,5886.5,0.15400028228759766,0.017000198364257812,2
0.3922329,0.26375390000000004,0.128479,-1.5278491233938816,7946.75,0.05499935150146485,0.031000137329101562,2
1.0416622,0.61793804,0.42372417,-2.632586496932064,5201.27,0.2299995422363281,0.07600021362304688,2
1.4090833999999999,0.7693119,0.63977146,1.7271292048679945,4552.2876,0.559999942779541,0.15999984741210938,2
0.40280914,0.27305984,0.12974929999999998,-3.423605985976266,7337.107,-0.037000179290771484,0.03299999237060547,2
1.2908034,0.71757126,0.5732322,0.7626708606015846,4817.8867,0.5320000648498535,0.17500019073486328,2
1.3174453000000002,0.7280798,0.5893655,0.9012715412084144,4758.25,0.5799999237060547,0.1529998779296875,2
1.3057823,0.7244358,0.5813465,0.501867703167246,4635.35,0.5829997062683105,0.12599992752075195,2
0.19626713,0.13513184,0.061135292,0.9126313570104791,8100.0,0.02499961853027344,0.060000419616699226,2
1.3345013000000001,0.7387204,0.59578085,0.6137206685192034,4595.8735,0.4409999847412109,0.34800004959106445,2
1.2001143,0.6727338,0.52738047,0.5219025846800367,4718.5,0.4990000724792481,0.12099981307983397,2
1.9419556,0.9730263000000001,0.9689293,-1.4624665060479425,4228.5146,0.7839999198913574,0.2610001564025879,2
1.5579823999999998,0.8258523999999999,0.73213005,-1.9104119827611008,4295.7,0.7190001010894775,0.1789999008178711,2
1.2154837,0.6838665,0.53161716,1.5114321666535881,4845.4,0.5170001983642578,0.13800048828125,2
1.1569328,0.6567688,0.50016403,2.202362192911845,4873.8623,0.4940004348754883,0.09399986267089844,2
1.478868,0.7935543,0.6853137,-1.0093368037234658,4340.0,0.6740000247955322,0.15399980545043945,2
2.2006779,1.0631428,1.1375351,0.3398805899596695,3860.0,0.7119998931884766,0.2969999313354492,2
1.7376832999999998,0.89548206,0.84220123,-0.6958144585005783,4034.3298,0.7209997177124023,0.23400020599365234,2
1.0601254,0.6157159999999999,0.44440937,-0.2595990484163462,5087.6675,0.7869997024536133,0.1640000343322754,2
1.145257,0.6559067,0.48935032,0.5965217378826111,4905.933,0.4869999885559082,0.11600017547607422,2
1.1629462,0.66656685,0.49637938,0.911452525262442,4911.05,0.5199999809265137,0.10099983215332033,2
1.0963187,0.6331849,0.4631338,0.3842095747889438,5042.0522,0.4559998512268066,0.10900020599365234,2
1.1541214,0.6591201,0.49500132,0.6271327170319676,4946.1997,0.4670000076293945,0.12099981307983397,2
1.1803141000000001,0.6711073000000001,0.5092068000000001,0.5021469699102337,4852.5,0.5170001983642578,0.11499977111816405,2
1.070611,0.6189728,0.45163822,0.6690415013892643,5008.33,0.3949999809265137,0.14799976348876953,2
1.1499114,0.6573720000000001,0.4925394,-1.5073456568810588,4903.3335,0.37200021743774414,0.07699966430664062,2
1.1508074,0.65611935,0.49468803,0.5408382717986129,4964.6875,0.4790000915527344,0.12599945068359375,2
0.84907436,0.5117178,0.33735657,0.059002553903869874,5669.0,0.27699995040893555,0.09999990463256836,2
1.4165702,0.76970816,0.64686203,-1.4556289008205925,4327.3335,0.560999870300293,0.2070000171661377,2
1.0866246000000002,0.6266079000000001,0.46001673,0.9525493282808828,4971.0,0.4809999465942383,0.08699989318847656,2
0.43910550000000004,0.28587484,0.15323067,1.3065263072268447,7086.8696,0.1419997215270996,-0.004999637603759766,2
1.1258363999999998,0.6436472,0.48218918,-0.7552793017886206,4971.3335,0.3960001468658447,0.05200004577636719,2
1.3402352,0.73917866,0.6010565999999999,-0.2374764683633579,4649.3926,0.5759997367858887,0.13700008392333984,2
1.2956976999999998,0.72168636,0.5740113,-0.517264450773073,4675.4126,0.5659999847412109,0.14499998092651367,2
1.3956203,0.76320696,0.6324134,0.1083751320925508,4537.23,0.6310000419616699,0.14400005340576172,2
1.6227121,0.8564271999999999,0.76628494,-0.5491565476019655,4114.0376,0.6659998893737793,0.18900012969970706,2
1.1974311000000002,0.6800184,0.51741266,0.7374846602240144,4843.985,0.5139999389648438,0.15199995040893555,2
1.2208853000000002,0.6858454,0.5350399,1.023072672379083,4772.83,0.4860000610351562,0.1380000114440918,2
1.3163972,0.7311783000000001,0.5852189,0.3860118634465604,4726.34,0.5550003051757812,0.13399982452392578,2
1.4198403,0.7725563,0.64728403,-0.2215948565506345,4619.7,0.6349997520446777,0.14800024032592773,2
1.5780272,0.8319310999999999,0.74609613,-0.2499852670695386,4276.0,0.6800000667572021,0.1700000762939453,2
1.1958313,0.677423,0.5184082999999999,0.5256257745931556,4883.0,0.5079998970031738,0.12099981307983397,2
1.2262087,0.69049263,0.53571606,1.02153775436215,4743.9937,0.5249996185302734,0.1120004653930664,2
1.3058367,0.7213917,0.584445,0.6982900013002578,4699.55,0.5439996719360352,0.13300037384033206,2
1.3247447,0.7327385000000001,0.5920062,0.9511064387265532,4709.567,0.5279998779296875,-0.019999980926513672,2
1.3766136,0.7484913000000001,0.6281223000000001,1.5243902247370755,4608.5,0.5490007400512695,0.13099956512451172,2
1.206944,0.81842947,0.38851452,6.438101088191801,4920.0,0.5030002593994141,0.11999988555908205,2
1.1626062,0.6593895000000001,0.50321674,0.7560698969858421,4893.41,0.5230002403259277,0.07800006866455078,2
1.2030106000000003,0.67789745,0.5251130999999999,0.5915939126548686,4826.6733,0.5,0.11400032043457033,2
1.3644481000000002,0.74978495,0.6146630999999999,-0.1997231680638052,4643.0,0.6160001754760742,0.14499998092651367,2
1.3082218,0.7278147,0.58040714,0.03553027960639099,4758.532999999999,0.6069998741149902,0.11300039291381835,2
2.3467603,1.1124691999999998,1.2342911,-1.4616410954515509,3772.0,0.8519999980926514,0.29400014877319336,2
1.3616819,0.7476119999999999,0.61406994,0.4751346958964256,4567.415,0.6039996147155762,0.12400007247924805,2
1.6524381999999997,0.86536455,0.7870736,-0.6640006425301657,4195.48,0.7160000801086426,0.17799997329711914,2
2.4917119999999997,1.1487918,1.3429203,-0.968473889656538,3700.0,0.7410001754760742,0.3559999465942383,2
1.123846,0.64239407,0.48145200000000005,2.8428737630643823,4976.0,0.495999813079834,0.05299997329711914,2
1.1512141000000002,0.6570344,0.49417973,0.2814639445317741,4866.0,0.43199968338012695,0.16499996185302734,2
1.1252688999999998,0.64246655,0.4828024,3.3836348698111127,4998.0547,0.4899997711181641,0.09399986267089844,2
2.5693445,1.1739144,1.3954301000000002,-2.135804269004474,3600.0,0.9879999160766602,0.10199999809265137,2
1.1926765,0.67402506,0.5186515,0.7996435020222936,4850.0,0.4679999351501465,0.1269998550415039,2
1.2498293,0.69773006,0.5520991999999999,1.6830569875263706,4847.3022,0.5229997634887695,0.09599971771240234,2
1.2059946000000001,0.68037605,0.52561855,0.4882236494141043,4736.4824,0.494999885559082,0.0970001220703125,2
1.1560783000000001,0.6557665,0.50031185,2.942745898024853,4913.95,0.4200005531311035,0.11899995803833008,2
1.2219448,0.68711185,0.53483295,1.2612377696894141,4826.6,0.5480003356933594,0.13299989700317386,2
1.2572603,0.6996031,0.55765724,2.4035985269101072,4733.4,0.504000186920166,0.12400007247924805,2
1.1046924999999999,0.63593197,0.46876049999999997,-0.23176681917720646,5006.2373,0.430999755859375,0.1230001449584961,2
1.8224158,0.9293684999999999,0.89304733,-0.8923316756493573,4059.4465,0.8060002326965332,0.19299983978271484,2
1.0243034,0.5991516,0.42515182,-0.4090674499070914,5199.0,0.33699989318847656,0.1380000114440918,2
1.2420448999999998,0.6959281,0.5461168000000001,0.7240290456049205,4713.0,0.4559998512268066,0.17400026321411133,2
1.292522,0.71859217,0.5739298,1.856607888645863,4687.935,0.504000186920166,0.1380000114440918,2
1.3290663,0.729681,0.59938526,0.4139246457841193,4607.4375,0.5580000877380371,0.11299991607666016,2
0.86142063,0.51185226,0.34956837,3.507953451377036,5606.1665,0.32199954986572266,0.07699966430664062,2
1.1269836000000002,0.640666,0.48631763,0.511885589814634,4923.2,0.5469999313354492,0.04099941253662109,2
1.1885118000000001,0.6747656,0.51374626,1.1276237825660012,4785.0,0.5280003547668457,0.08499956130981445,2
1.6160831,0.85000515,0.7660779999999999,-2.7331610689390864,4176.54,0.7379999160766602,0.17800045013427734,2
1.4455619,0.7820754,0.6634865,-0.5161279726678405,4387.0,0.6570000648498535,0.11399984359741212,2
2.240212,1.0765109,1.163701,-1.6524925155067276,3916.58,0.8099999427795409,0.23000001907348636,2
1.5654373,0.8286419,0.7367954000000001,0.0156567577325486,4231.425,0.6690001487731934,0.16099977493286133,2
1.2860847,0.71975327,0.5663314,0.8696950633958807,4815.08,0.5329999923706055,0.23199987411499026,2
1.1472497,0.65161276,0.49563694,3.5761994413079665,4966.6465,0.4519996643066406,0.11100006103515624,2
1.3954554,0.76290417,0.6325512,-0.3980845989708044,4554.685,0.7529997825622559,0.13199996948242188,2
1.0747128000000001,0.62152624,0.4531865,0.187245350581124,5079.0,0.684999942779541,-0.1529998779296875,2
1.4081659,0.76563835,0.6425276,-0.4882698628855859,4380.0,0.6740000247955322,0.06599998474121094,2
1.2132082,0.68515015,0.52805805,2.1516206319456703,4830.83,0.555999755859375,0.08799982070922853,2
1.113234,0.6389537,0.47428036,-0.16193083472304082,4978.0,0.5409998893737793,0.19099998474121094,2
1.1250072,0.6463804,0.47862673,0.17521310783950206,5011.1333,0.4140000343322754,0.1420001983642578,2
1.6272492,0.8556256,0.7716236,-0.8925890204348299,4176.54,0.6370000839233398,0.15600013732910156,2
1.1296568,0.65088177,0.47877502,-1.1950820823728758,4963.935,0.5280003547668457,0.1640000343322754,2
1.4728122,0.7920008000000001,0.6808114000000001,0.1397041401570931,4350.0,0.5479998588562012,0.20599985122680664,2
0.50179434,0.32399607,0.17779827,0.9124020886162948,6921.0,0.11699962615966795,0.0710000991821289,2
1.2343030000000002,0.6924,0.541903,0.7308904193445631,4745.12,0.4920001029968262,0.1510000228881836,2
1.0871186000000002,0.6260061,0.4611125,0.3304713332834659,5085.0,0.4240000247955322,0.2439999580383301,2
1.0981693000000001,0.6349659000000001,0.46320343,0.2719092971127441,5000.6733,0.4809999465942383,0.09399986267089844,2
1.2432222,0.6963501,0.54687214,0.5396287259347439,4793.35,0.5170001983642578,0.13399982452392578,2
1.2644233999999999,0.7057762,0.55864716,0.8600841725208461,4696.1104,0.5469999313354492,0.13899993896484375,2
1.166008,0.6634207,0.5025873,0.2109432934929618,4897.0,0.495999813079834,0.10699987411499023,2
1.5249438,0.81432724,0.7106166,-0.2940281655483119,4262.2,0.5950000286102295,0.2549998760223389,2
4.4186835,1.4973912,2.9212922999999997,-2.5801953098689374,3289.6667,1.069999933242798,0.4900000095367432,2
-0.1214757,-0.047620296,-0.0738554,-0.585852128699802,8712.0,-0.07399988174438478,0.02499961853027344,2
0.68525505,0.42076874,0.2644863,1.4457796492926107,6140.0,0.13099956512451172,0.06400012969970703,2
1.1407146000000001,0.6528076999999999,0.48790693,0.2463310258310756,4984.338,0.4629998207092285,0.15400028228759766,2
2.1974077000000003,1.0618701000000001,1.1355376,-1.5171702465554835,3931.3965,0.7599999904632568,0.39800000190734863,2
0.45438004,0.2960987,0.15828133,1.3255518769242656,7040.78,0.0689997673034668,0.07700014114379883,2
1.217061,0.6813154,0.5357456,0.5277350613994845,4714.6665,0.4819998741149902,0.2130000591278076,2
0.88374805,0.52513504,0.358613,3.6900994856789233,5460.3335,0.3380002975463867,0.08299922943115234,2
1.2467184,0.6991501,0.5475683000000001,1.245372672497011,4798.4,0.6089992523193359,0.07500076293945312,2
1.1087589,0.63554764,0.4732113,2.8388692830771003,4984.2334,0.4470005035400391,0.13399982452392578,2
0.74050903,0.45419407,0.28631496,4.315412855902613,6082.9336,0.2309999465942383,0.031000137329101562,2
1.274559,0.7078694999999999,0.5666895000000001,0.9429053663063858,4738.125,0.5339999198913574,0.13700008392333984,2
1.1600051000000002,0.6634717,0.49653339999999996,0.2793187074156158,4883.3223,0.6029996871948242,0.255000114440918,2
1.1149296999999998,0.64010096,0.47482872,-0.10972781543615362,5013.0,0.4689998626708984,0.09100008010864258,2
1.3640366000000002,0.7506689999999999,0.61336756,1.9257215679282,4607.6665,0.5789999961853027,0.17399978637695312,2
1.4195385,0.7732382,0.6463003,0.0731565411229731,4477.86,0.6040000915527344,0.17400026321411133,2
2.1149445,1.0326157,1.0823288,-2.1950561752096966,3920.0,0.8320001363754272,0.2749999761581421,2
1.992034,0.98811626,1.0039177,-1.3754565715909806,3923.9932,0.8469996452331543,0.24200010299682614,2
1.3206339,0.7291526999999999,0.5914812,0.9666393137554472,4579.9,0.5329999923706055,0.13199996948242188,2
1.6267295,0.8550687,0.7716608,0.5776333281209958,4152.8203,0.6399998664855957,0.24500036239624026,2
0.4998803,0.31935883,0.18052149,1.3156426092443656,6888.6665,0.3430004119873047,0.1399998664855957,2
1.1147203,0.6408906,0.47382975,2.0138933327180286,4979.6665,0.5130000114440918,0.010999917984008787,2
1.0904994,0.6291251,0.46137428,0.8956149594283112,5005.4053,0.4800000190734863,0.17500019073486328,2
1.2039146,0.6813412,0.5225734999999999,0.5686720415793101,4806.5,0.5199999809265137,0.12400007247924805,2
2.2056637,1.0662508,1.1394129,-1.5183648163570922,3796.5,0.7980000972747803,0.4119999408721924,2
1.1201205,0.6438203,0.47630024,0.36387802450701295,5040.7,0.434999942779541,0.0989999771118164,2
1.2025528,0.6825738,0.519979,1.1088220521771015,4872.6665,0.43900012969970703,0.15000009536743164,2
1.2805843000000001,0.71541786,0.5651665,0.4762292362429328,4732.0,0.5390000343322754,0.14400005340576172,2
1.2931538,0.7206024999999999,0.57255125,0.7551556967744322,4682.6504,0.4860000610351562,0.13500022888183594,2
1.203506,0.6824336,0.5210724,0.7797105784347469,4786.25,0.5139999389648438,0.10400009155273438,2
1.3723121,0.75316954,0.61914253,1.0176573752811409,4593.5,0.5349998474121094,0.1770000457763672,2
1.6063323,0.8472328000000001,0.7590995,-0.4027323196100987,4133.1396,1.0250000953674316,-0.015000343322753906,2
1.2407207,0.69796515,0.5427556,0.6316647576119685,4868.9897,0.5510001182556152,0.09199953079223633,2
1.1734867,0.6679549,0.5055318,0.9548331727661256,4885.0,0.4549999237060547,0.1119999885559082,2
1.1365819,0.6518564,0.48472548,0.3563734278979034,4955.575,0.4619998931884766,0.12200021743774415,2
2.7199492000000003,1.2172518,1.5026975,-1.550647203121013,3893.8022,0.8320000171661377,0.4219999313354492,2
1.1997013,0.6773448000000001,0.5223565,0.3809775073355031,4794.7866,0.4889998435974121,0.10100030899047853,2
1.1759701,0.66692877,0.5090412999999999,0.6042272447252159,4816.0073,0.4670000076293945,0.1289997100830078,2
1.2695432,0.7094078,0.56013536,0.6896714986619106,4754.1753,0.5199999809265137,0.15799999237060547,2
1.3027058,0.725595,0.57711077,-0.2896900262302005,4654.5234,0.6600003242492676,0.11999988555908205,2
0.49833775,0.32068348,0.17765427,3.15845946549034,7069.79,0.13300037384033206,-0.0030002593994140625,2
1.1800680000000001,0.67055225,0.50951576,0.4831317712152892,4965.3804,0.4639997482299805,0.125,2
1.4102860000000002,0.7690873,0.64119864,-0.445476417267221,4501.9,0.43400001525878906,0.1100001335144043,2
1.2220135,0.68816614,0.53384733,0.5312026364778006,4794.0,0.4749999046325684,0.17300033569335938,2
1.2132831,0.68620205,0.527081,0.3301151470114672,4840.89,0.5789999961853027,0.08100032806396484,2
1.3054242,0.72477627,0.58064795,1.6789466116670475,4577.25,0.5260000228881836,0.2929999828338623,2
1.3179493,0.7290392,0.5889101,0.7834128872230064,4661.9253,0.33100032806396484,0.3469996452331543,2
1.3411388000000002,0.7394761999999999,0.60166264,1.1748385148410012,4653.43,0.5710000991821289,0.1529998779296875,2
0.5924864000000001,0.37556409999999996,0.21692228,2.067805593965584,6536.25,0.1119999885559082,0.09400033950805664,2
1.3487468,0.7430701,0.60567665,-0.05873474183792737,4599.475,0.4710001945495606,0.2609996795654297,2
1.8544326,0.9464296999999998,0.90800285,-0.9954923479806972,4015.1934,0.7010002136230469,0.24699997901916504,2
1.7335175999999999,0.8982158000000001,0.8353019,-0.2900969231223733,4002.5,0.7839999198913574,0.1830000877380371,2
1.2900924999999999,0.7170801,0.57301235,0.8376934159552558,4792.96,0.5290002822875977,0.11999988555908205,2
1.1060853000000002,0.62657833,0.47950697,0.1632768189820588,4996.5,0.4900000095367432,0.1099998950958252,2
1.2104726000000001,0.68481016,0.5256624,0.6119119005437952,4780.94,0.5440001487731934,0.10500001907348633,2
1.8436575000000002,0.94299316,0.9006643,-0.8140320654361091,4109.65,0.7750000953674316,0.2249999046325684,2
1.7899709,0.92051315,0.8694576999999999,-1.6767657263684883,4059.7175,0.5309998989105225,0.4290001392364502,2
1.0142894,0.5989528000000001,0.4153366,0.9849862086810272,5127.605,0.4460000991821289,0.1099996566772461,2
1.5027051000000002,0.80420256,0.69850254,0.7158667826904601,4395.3096,0.6510000228881836,0.16899967193603516,2
1.17626,0.6690655,0.5071945,0.6714137617493137,4885.6,0.5139999389648438,0.1380000114440918,2
1.419301,0.77314043,0.6461606,-0.2274514562265324,4551.5,0.4980001449584961,0.3469996452331543,2
2.0132785,0.99912834,1.0141501,-1.2589108840708398,3807.74,0.9700002670288086,0.14399981498718262,2
1.1963743999999998,0.6792455,0.51712894,0.6951969279796302,4850.0,0.5269999504089355,0.13000011444091794,2
1.1519513000000001,0.6579795,0.49397182,0.5216382125879964,4870.75,0.4960002899169922,0.11499977111816405,2
1.224163,0.69030094,0.5338621,0.35086531410661514,4786.59,0.5739998817443848,0.14700031280517578,2
3.8636559999999998,1.4508108999999998,2.4128451,0.5005436572123507,3294.0,0.9900000095367432,0.2900000810623169,2
1.0981498,0.63178873,0.46636105,0.9421837460919508,5021.5,0.4510002136230469,0.1899995803833008,2
1.4814367,0.79705906,0.6843776999999999,-0.20350420768449773,4350.0,0.7369997501373291,0.023999929428100586,2
5.973372,1.7934198000000001,4.179952,-1.0177773328759263,3293.0,0.8700000047683716,0.4100000262260437,2
1.1083293,0.6374717,0.47085762,1.4317781059711336,4954.75,0.5120000839233398,0.10699987411499023,2
1.6804843,0.8785777,0.8019066,-0.27285507920107577,4185.5864,0.7869997024536133,0.1790003776550293,2
1.4157872,0.7689762,0.6468109999999999,-0.5274514317707855,4380.0,0.6809999942779541,0.11999988555908205,2
1.1973305,0.67545795,0.5218725000000001,1.6714147892876718,4827.7,0.5339999198913574,0.12400007247924805,2
1.3012652,0.72222185,0.5790434,1.2165696564229993,4737.0,0.5699996948242188,0.13199996948242188,2
1.3132615,0.7263074,0.5869541,1.7854451847452957,4611.1333,0.5620002746582031,0.16299962997436526,2
1.1459527,0.6560239999999999,0.48992872,0.7632200516905137,4942.045,0.4760003089904785,0.1269998550415039,2
1.8237567,0.92830896,0.89544773,-1.314061750276137,4063.3467,0.7940001487731934,0.2649998664855957,2
1.1599207,0.65935516,0.5005655,0.5384576865687443,4900.86,0.5029997825622559,0.11399984359741212,2
1.3171706,0.7278247,0.58934593,1.15159566285619,4695.3335,0.5520000457763672,0.17100000381469727,2
1.1565561000000002,0.6647272,0.49182892,-0.663685652657021,4948.55,0.5349998474121094,0.051000118255615234,2
0.92551327,0.550972,0.37454128,5.108058355446103,5473.0,0.37600040435791016,0.13099956512451172,2
1.3041081,0.7218642,0.5822439,1.4610211729421696,4668.2373,0.5760002136230469,0.11800003051757812,2
1.2073258999999998,0.6818161,0.52550983,0.7338054767267543,4847.137,0.4899997711181641,0.15600013732910156,2
1.3001556,0.7206459,0.57950974,0.7844743623575391,4713.0,0.569000244140625,0.14099979400634766,2
1.2849455,0.715188,0.56975746,0.41403617034109,4714.2666,0.5450000762939453,0.1360001564025879,2
1.2570906000000002,0.7271137,0.52997684,-1.1737690706894544,4787.8804,0.5250000953674316,0.21399974822998047,2
1.2955899,0.7207775,0.5748124,0.3229626217169823,4676.0,0.9149999618530272,-0.02200007438659668,2
1.3645263,0.7506275,0.61389875,-0.3452167028461837,4587.815,0.6240000724792479,0.1700000762939453,2
1.1167927,0.6410760999999999,0.4757166,1.9893497515187184,4965.0103,0.4949994087219238,0.1210002899169922,2
2.3272858,1.0997728999999998,1.2275128,-2.3036439412491063,3739.0,0.9210000038146972,0.254000186920166,2
1.1333022,0.6513405,0.48196173,0.3620678705630063,4904.067,0.4279999732971192,0.1989998817443848,2
1.111392,0.638834,0.47255802,1.9133189514353008,4987.6836,0.4809999465942383,0.11999988555908205,2
0.62325954,0.3874302,0.23582935,3.4111440381688976,6501.5,0.24499988555908206,0.03600025177001953,2
1.2727518,0.71002483,0.5627270000000001,0.8046177202578946,4718.41,0.5440001487731934,0.13499975204467773,2
1.1079593,0.6360220999999999,0.47193718,1.9505771816153228,5016.0,0.6200001239776611,0.029999971389770508,2
1.6636461999999999,0.86963654,0.7940096999999999,-1.2478227750471724,4177.2935,0.8599998950958252,0.14400005340576172,2
1.1490850000000001,0.6535095999999999,0.49557543,0.3319831253648253,4872.3335,0.5109999179840088,0.08899998664855957,2
1.2900448,0.7156553000000001,0.57438946,0.902119418996918,4749.7476,0.564000129699707,0.13199996948242188,2
1.4717679,0.79390574,0.67786217,0.5738149449143446,4405.04,0.6550002098083496,0.1959996223449707,2
1.8593168000000002,0.9433389000000001,0.91597795,-1.448378744469542,3989.8953,0.9020001888275146,0.11699986457824707,2
1.5180973999999998,0.8110633,0.7070341,0.26848856495218953,4334.38,0.6349997520446777,0.19000005722045896,2
1.3519181999999998,0.7421551,0.60976315,1.9686581861843775,4629.19,0.5729999542236328,0.17299985885620114,2
1.3490281000000002,0.7433758,0.60565233,0.2777638021488258,4679.6025,0.6129999160766602,0.15899991989135742,2
1.4860176999999999,0.79962015,0.68639755,-0.6351654598537788,4280.615,0.6999998092651367,0.16499996185302734,2
1.4279841999999998,0.7747116,0.6532726,-0.34306684124014103,4453.88,0.6640000343322754,0.14099979400634766,2
1.7575417000000002,0.90550137,0.8520403,-1.3180455484115718,4020.05,0.883000373840332,0.06799983978271484,2
1.3145356000000001,0.73047495,0.58406067,-0.11751100272016934,4640.67,0.6150002479553223,0.16900014877319336,2
3.3268150999999997,1.3594217,1.9673933999999997,-1.569088327665925,4229.44,0.9249999523162842,0.3370000123977661,2
1.5997013999999998,0.84505033,0.75465107,0.6622282793930268,4271.83,0.7860000133514404,0.059999942779541016,2
1.0496922,0.60961866,0.44007349999999995,0.5989733696151713,5060.5,0.4370002746582031,0.10699987411499023,2
1.304244,0.722352,0.581892,0.8773638856431987,4742.96,0.6089997291564941,0.10699987411499023,2
1.2183351999999998,0.71285725,0.5054779,0.7073845474396842,4890.0,0.5350003242492676,0.13099956512451172,2
1.3638725,0.74928474,0.6145878,0.01404915875762569,4659.245,0.6230001449584961,0.1549997329711914,2
1.2185435,0.686738,0.5318055,0.5712637539203804,4748.0,0.7880001068115234,0.09299993515014647,2
1.2131195,0.6858525,0.527267,0.6448799231094213,4817.47,0.4930000305175781,0.1830000877380371,2
1.309031,0.7236719,0.5853590999999999,0.9068537208781072,4742.82,0.5269999504089355,0.19999980926513672,2
1.2471867,0.6967449,0.55044174,2.111394338080892,4731.82,0.5310001373291016,0.0970001220703125,2
1.1587763,0.66321325,0.49556303,1.2007399133391328,4950.4,0.5019998550415039,0.125,2
1.4185052,0.7702608,0.6482444,0.5816841708325189,4450.6,0.625,0.17399978637695312,2
0.24723005,0.16809129999999997,0.07913875599999999,0.912912942231408,7889.1,0.02300024032592773,0.05800008773803711,2
1.234026,0.6932602,0.54076576,0.5565863950976215,4815.6,0.5019998550415039,0.18900012969970706,2
1.1027879999999999,0.63359976,0.46918820000000006,0.7908533134567932,5031.0,0.4110002517700195,0.18400001525878906,2
0.37456608,0.24228000000000002,0.13228607,3.1202251475695895,7243.1,0.03900003433227539,0.11500024795532228,2
1.1940808,0.67629576,0.5177851,0.6084182676467904,4850.0,0.5439996719360352,0.09000015258789062,2
1.285397,0.7146754,0.5707215999999999,1.0676631305636557,4708.6,0.5220003128051758,0.20099973678588867,2
1.1810265,0.66969395,0.5113325,1.0284511942660934,4885.6,0.4890003204345703,0.10199975967407228,2
1.4324255,0.7784462,0.6539793,-0.33660687286564084,4494.42,0.6950001716613771,0.1419997215270996,2
1.3366337,0.7360878000000001,0.6005459,1.1678436882123062,4595.12,0.5869998931884766,0.13500022888183594,2
1.3533764,0.7434006,0.6099758000000001,-0.12825544396135768,4571.175,0.5970001220703125,0.14699983596801758,2
1.2360516000000001,0.69416904,0.5418824999999999,0.33026497031864466,4771.25,0.6010003089904785,0.07699966430664062,2
1.154335,0.65709877,0.49723625,1.2431098800886513,4967.0225,0.5579996109008789,0.07000017166137695,2
1.1718024999999999,0.6655493,0.50625324,2.1443273721608413,4952.525,0.5700001716613771,0.10699987411499023,2
1.1894841,0.67274904,0.5167351,0.5351940510900484,4795.8047,0.4479999542236328,0.2109999656677246,2
1.2833023000000001,0.72064304,0.56265926,-0.06385411366123606,4641.495,0.5439996719360352,0.1640000343322754,2
1.6658582999999998,0.8718915,0.79396677,-0.8184356317393728,4190.895,0.7150001525878906,0.2669997215270996,2
1.4891558,0.7999058000000001,0.68925,0.2696826994068573,4349.5405,0.6150002479553223,0.1919999122619629,2
1.5965586,0.8430953000000001,0.75346327,-0.3026153232275828,4298.33,0.753000020980835,0.16499996185302734,2
1.7575450000000001,0.9107013,0.8468437,0.6121275414808416,4062.8933,0.7929999828338623,0.1820001602172852,2
1.7452164000000001,0.9003978000000001,0.8448186,-0.7631579794848041,4119.89,0.690000057220459,0.2639999389648437,2
1.1273178999999998,0.63089895,0.49641895,0.4002551423120799,5036.0,0.6599998474121094,0.07000017166137695,2
1.2731503999999998,0.7095537,0.5635967,0.9608059362284198,4695.7,0.5320000648498535,0.17199993133544922,2
1.2427306,0.6965437,0.5461869,0.5791307483769135,4708.0,0.5580000877380371,0.15399980545043945,2
1.4658523,0.7930579000000001,0.67279434,-0.281249165635602,4429.08,0.7220001220703125,0.14299964904785156,2
2.3905945,1.1273408,1.2632537,-1.5160330929707602,3984.2476,0.7760000228881836,0.23199987411499026,2
1.0991278,0.6332083000000001,0.4659195,2.6190641746646453,4979.0,0.4789996147155762,0.09000015258789062,2
1.31111,0.72685194,0.5842581,-0.2942711516567389,4650.0,0.5669999122619629,0.14799976348876953,2
1.2076516000000002,0.6809864000000001,0.5266652,0.5664237682277521,4795.9136,0.5420002937316895,0.1399998664855957,2
1.2308073,0.6916237,0.5391836,0.6230216805274971,4758.47,0.5420002937316895,0.1079998016357422,2
0.94350815,0.5702133,0.37329483,2.1915245302333872,5353.6665,0.4510002136230469,0.15000009536743164,2
1.2808585,0.7113333000000001,0.56952524,0.9041725596393492,4662.92,0.5729999542236328,0.13199996948242188,2
2.3157525000000003,1.1012306,1.2145218999999998,-1.6359127763203123,3781.9534,1.13100004196167,0.1419999599456787,2
1.2753611,0.7104149000000001,0.5649462,0.6262336098123562,4676.58,0.5980000495910645,0.11400032043457033,2
1.2199421,0.68715477,0.5327873000000001,0.6844282679203477,4842.0176,0.5700001716613771,0.10199975967407228,2
1.3204063999999998,0.7291665,0.5912399,1.2668614023140972,4754.8076,0.5469999313354492,0.1510000228881836,2
1.7348819,0.89679146,0.8380904,-0.6519739389710963,4065.6667,1.1449999809265137,0.13100004196166992,2
0.37124062,0.24442482,0.1268158,2.8521760019979614,7333.0,0.13100004196166992,0.0670003890991211,2
1.1650372,0.6632414000000001,0.50179577,0.5288783765728571,4947.065,0.551999568939209,0.08700037002563478,2
1.1922139999999999,0.6748685999999999,0.5173454000000001,0.5008642243506394,4808.95,0.434999942779541,0.3360004425048828,2
1.2913141000000001,0.71783257,0.57348156,0.3286663194104875,4839.0,0.5479998588562012,0.13300037384033206,2
1.3794155000000001,0.75459766,0.62481785,0.3122556210357672,4580.0,0.6070003509521484,0.14399957656860352,2
1.2494464,0.6991925,0.55025387,0.7952300130238061,4762.1865,0.5240001678466797,0.13099956512451172,2
3.8477354,1.4086795,2.4390560000000003,-1.8685831405139923,3300.0,0.9089999198913574,0.3110000193119049,2
1.2899971000000001,0.7168665,0.5731305999999999,1.4184470646751866,4769.33,0.5449995994567871,0.1640000343322754,2
0.21008110000000002,0.14041233,0.06966877,2.4673222811423847,8067.3335,0.03899955749511719,0.06400012969970703,2
1.302165,0.7240648000000001,0.5781002,1.2157779024132918,4695.495,0.5830001831054688,0.17199993133544922,2
1.4566832,0.7878189,0.66886425,-0.23255096810136774,4472.0,0.6529998779296875,0.20200014114379886,2
1.6205707,0.85151243,0.7690581999999999,-1.0001085284213271,4165.6333,0.758000373840332,0.18699979782104487,2
1.313365,0.7244786999999999,0.58888626,1.3727258759857277,4599.075,0.5009999275207521,0.18700027465820312,2
1.4021311,0.766047,0.6360840999999999,-0.3229191706154708,4549.75,0.5999999046325684,0.18499994277954104,2
1.2039685,0.6805239000000001,0.52344465,0.7112754062524189,4733.0,0.560999870300293,0.11700010299682614,2
1.2799253000000002,0.7119293000000001,0.5679960000000001,1.0124279462875323,4829.9,0.5689997673034668,0.13700008392333984,2
1.4443274,0.78250694,0.6618204000000001,-0.03234115639030577,4397.5864,0.6909999847412109,0.1360001564025879,2
1.2684917,0.7081599000000001,0.5603318,0.714365820201154,4783.8667,0.5360002517700195,0.14899969100952148,2
1.2064953,0.6820096999999999,0.5244856,-0.6233480638198117,4812.985,0.6139998435974121,0.0560002326965332,2
1.3545036,0.74554014,0.6089635,-0.276465174537762,4594.0,0.6110000610351562,0.1860003471374512,2
3.1085634,1.3051324,1.8034310000000002,-1.9925234537185168,3398.5,0.9539999961853028,0.31400012969970703,2
1.1557193000000001,0.6600232,0.49569607,-0.8803351171256484,4974.0,0.5120000839233398,0.09599971771240234,2
1.3960075,0.7623996999999999,0.63360786,0.08366446194099275,4574.5,0.6189999580383301,0.180999755859375,2
1.236536,0.6940203,0.54251575,0.7060460244141922,4929.0,0.5159997940063477,0.14300012588500974,2
1.1098771,0.63838625,0.47149086,0.7070417622569369,5010.62,0.4079999923706055,0.16199970245361328,2
1.1755352,0.66954994,0.50598526,0.4067596312591597,4885.6,0.5029997825622559,0.12599992752075195,2
1.3111725,0.7279477,0.5832248000000001,-0.5364774522131857,4657.1665,0.5910000801086426,0.13199996948242188,2
1.0747256,0.6205683000000001,0.45415735,0.4981921670523768,5085.5,0.4320001602172852,0.11099958419799803,2
1.2027006000000002,0.6801219000000001,0.5225787000000001,0.5066276021985932,4842.6665,0.5180001258850098,0.13399982452392578,2
1.2675581,0.7100773,0.5574808000000001,0.6873248632844664,4773.62,0.564000129699707,0.1490001678466797,2
2.0464382,1.0111431999999998,1.035295,-0.6075615721813588,3993.79,0.9019999504089355,0.2109999656677246,2
1.9295901999999998,0.9685773999999999,0.96101284,-1.4843512807183696,4233.67,1.0730001926422121,0.1510000228881836,2
2.1870412999999997,1.0692386999999999,1.1178026,-1.7395017204904857,3773.2974,0.8980000019073486,0.2809998989105225,2
1.2401958,0.6963563,0.54383945,0.7153637271930471,4885.55,0.5580000877380371,0.1119999885559082,2
1.3003616000000002,0.72315407,0.57720757,1.0655585204637603,4706.477,0.5869998931884766,0.13400030136108398,2
1.4611769,0.7926092,0.66856766,-0.06410821042444681,4457.14,0.7280001640319824,0.14499998092651367,2
1.3862958,0.7558836999999999,0.6304121,-1.077898829592396,4405.675,0.620999813079834,0.11300015449523924,2
1.1933708,0.675972,0.51739883,0.9431017913725784,4849.0576,0.5250000953674316,0.11999988555908205,2
1.45717,0.78916216,0.66800785,-0.3971329393916552,4419.4,0.6530003547668457,0.18400001525878906,2
1.2366328000000002,0.69582033,0.5408125,1.2392112862976212,4788.5,0.5339999198913574,0.1360001564025879,2
0.3060565,0.20501614,0.10104036,2.4800136722481887,7729.5,0.07999992370605469,0.01900005340576172,2
1.2085924,0.68281174,0.5257807,0.5532446053745215,4805.6665,0.5320000648498535,0.15700006484985352,2
1.4951277,0.80417347,0.6909542,-0.06428181908833253,4307.2,0.6710000038146973,0.1970000267028809,2
1.4660625,0.7916217,0.67444086,-0.02463942062156832,4376.0,0.6570000648498535,0.1919999122619629,2
1.4533167,0.78552055,0.66779613,0.5601246728869249,4420.59,0.6149997711181641,0.18700027465820312,2
1.1727886,0.66844463,0.504344,0.6086755520410421,4818.0,0.4739999771118164,0.17799997329711914,2
1.4652848,0.79123163,0.6740531999999999,-0.10924280588309898,4394.8774,0.6259999275207521,0.21900033950805664,2
2.4458585,1.1432781,1.3025803999999999,-1.5610504534953367,3680.0,1.0429999828338623,0.1809999942779541,2
1.1908101999999998,0.6756177,0.5151925,0.6344882272922518,4853.0,0.5280003547668457,0.12099981307983397,2
1.7377014,0.898551,0.8391504000000001,-0.09715041364520616,4102.4297,0.7590003013610841,0.22099971771240234,2
1.2338276000000001,0.694489,0.5393386,0.4715494079158731,4748.5,0.5420002937316895,0.17399978637695312,2
1.2272319999999999,0.69161654,0.53561544,0.7875764632397289,4883.3,0.569000244140625,0.12799978256225586,2
1.1714106000000002,0.66735506,0.5040555,0.6061728255366496,4885.0,0.5089998245239258,0.11700010299682614,2
1.2175388,0.6856960999999999,0.5318427,0.4134129278958536,4840.79,0.6960000991821289,0.1510000228881836,2
1.8115611,0.9289985000000001,0.88256264,-0.9756774156600888,4022.61,0.7589998245239258,0.2720003128051758,2
1.2502712999999999,0.7007828,0.54948854,0.7646331954213519,4764.6577,0.5419998168945312,0.13400030136108398,2
1.7448463,0.90231705,0.8425292999999999,-1.170409883716463,4055.0,0.7250000238418579,0.2109999656677246,2
1.9788008000000001,0.9958081,0.98299265,-1.160099634537188,3923.0,0.8859999179840088,0.20600008964538571,2
1.7026366999999998,0.88585424,0.8167825,-0.12400291325854873,4147.22,0.6820001602172852,0.25799989700317383,2
1.1511040000000001,0.656425,0.49467897,0.5191726146295768,4916.75,0.6230001449584961,0.051000118255615234,2
1.2137499,0.68411255,0.52963734,0.5466752790903833,4797.3804,0.4899997711181641,0.1490001678466797,2
1.0565548,0.62163305,0.43492174,3.186218035722277E-4,5052.18,0.5879998207092285,0.08300018310546875,2
1.2575593,0.7029934,0.5545659000000001,0.7231224495310897,4745.05,0.5320000648498535,0.17500019073486328,2
1.3498454,0.74361753,0.6062279,1.0023712895822694,4622.6465,0.5470004081726074,0.18899965286254886,2
1.5341477,0.8188156999999999,0.71533203,-0.4065733252871127,4218.3135,0.6760001182556152,0.1960000991821289,2
1.5803757,0.83805084,0.7423248,-0.4264134561542949,4320.2627,0.7270002365112305,0.20200014114379886,2
1.0862446000000001,0.6379099,0.4483347,0.5401376244429077,5093.0,0.5069999694824219,0.06699991226196289,2
1.3630233,0.7490268,0.6139965000000001,-1.8094112220613068,4562.1104,0.5360002517700195,0.20599985122680664,2
1.172801,0.66663456,0.50616646,0.5230378462150309,4925.01,0.4810004234313965,0.13899993896484375,2
0.36239433,0.23421288,0.12818146,2.5784919255755447,7453.0,0.020999908447265625,0.08900070190429688,2
1.6108274,0.84745693,0.7633705,-0.6223641557975998,4176.54,0.6919999122619629,0.19299983978271484,2
1.2550707,0.70192003,0.55315065,0.7521943837050635,4743.49,0.5820002555847168,0.13499975204467773,2
1.4226408000000001,0.7679682,0.6546725999999999,-0.4300350487181213,4305.0,0.7470002174377441,0.12999987602233887,2
1.186183,0.6732874,0.5128956,0.2664820655611635,4857.625,0.5109996795654297,0.1119999885559082,2
1.1762996000000001,0.66919756,0.507102,0.5100413999512305,4895.0,0.4690003395080566,0.15999984741210938,2
1.4269142,0.77650213,0.6504121,-0.16801486484253658,4535.0,0.6500000953674316,0.18000030517578125,2
1.2041807,0.6820016,0.5221791,0.5523316710896875,4767.4023,0.4969997406005859,0.1970000267028809,2
1.191278,0.67420816,0.5170698,0.5421358479500888,4858.28,0.5079998970031738,0.1659998893737793,2
1.2114205,0.68558073,0.5258398,0.8758808861912168,4821.6665,0.5570001602172852,0.12199974060058595,2
1.1649241000000001,0.66479254,0.5001316,1.0164128743548009,4917.33,0.4210000038146973,0.15399980545043945,2
1.314848,0.73058224,0.5842656999999999,0.8521561116573615,4658.31,0.5479998588562012,0.19099998474121094,2
1.2479296,0.69910765,0.5488219,0.6970787189514613,4712.8667,0.4990000724792481,0.21199989318847656,2
1.2205643999999998,0.6922507,0.52831364,0.5987588914090161,4835.467000000001,0.5,0.1790003776550293,2
1.2546291,0.7029295,0.55169964,1.2045670671284352,4742.7935,0.3680000305175781,0.319000244140625,2
1.115305,0.6419468,0.47335815,0.8193896602703425,4976.2666,0.4660000801086426,0.1400003433227539,2
1.2421784,0.6974100999999999,0.54476833,0.7461470549945961,4859.4663,0.5120000839233398,0.14999961853027344,2
1.2751875,0.71179914,0.56338835,0.9973564250566441,4729.0,0.5260000228881836,0.1939997673034668,2
1.4483184999999998,0.7836666,0.6646519000000001,-0.12109477348857035,4546.655,0.6150002479553223,0.1979999542236328,2
1.2060132,0.6805401,0.5254731,0.5481443353383426,4771.0,0.5120000839233398,0.1420001983642578,2
1.2607078999999999,0.7033262,0.55738163,1.3810130167628143,4785.28,0.5440001487731934,0.12400007247924805,2
1.2557831,0.70191765,0.55386543,0.5595179676032185,4719.9,0.5289998054504395,0.1510000228881836,2
1.2881832,0.7172251000000001,0.57095814,1.1287219190489814,4813.2,0.5440001487731934,0.1659998893737793,2
1.2890476999999998,0.7171035,0.57194424,0.9325943206292902,4779.015,0.5780000686645508,0.1119999885559082,2
0.47134972,0.30310726,0.16824245,1.5161887751263432,7119.668000000001,0.15400028228759766,0.060999870300292976,2
1.2677383,0.70750904,0.5602293,1.5714219900598982,4799.38,0.5510001182556152,0.125,2
1.2520695,0.7003536,0.55171585,1.671796259202127,4785.45,0.5320000648498535,0.11299991607666016,2
1.2767271999999998,0.7119098,0.5648174,1.0222947298340586,4831.125,0.5430002212524414,0.15000009536743164,2
1.4166818,0.77113676,0.645545,0.44547513129912103,4522.405,0.6089997291564941,0.19000005722045896,2
1.3060889,0.7250705,0.58101845,0.8984230476155641,4623.9,0.6019997596740723,0.10100030899047853,2
1.1435103000000002,0.65350723,0.49000309999999997,0.7015346986851583,4958.032999999999,0.4329996109008789,0.1270003318786621,2
1.5045028,0.80806684,0.6964359,-1.4442503003690472,4372.1196,0.6810002326965332,0.15999984741210938,2
1.2741795,0.71247005,0.5617094,1.3786541141801774,4752.75,0.5939998626708984,0.1119999885559082,2
1.1307416000000001,0.6483717,0.4823699000000001,2.4391320452539755,4942.825,0.490999698638916,0.05299997329711914,2
0.9078540999999999,0.5441951999999999,0.36365890000000006,1.721366593288396,5490.6665,0.36700010299682617,0.1399998664855957,2
1.2791548000000001,0.7134695,0.5656853000000001,0.8802214526739682,4727.0,0.5190000534057617,0.11500024795532228,2
1.6572666,0.86607265,0.79119396,0.14298560106053593,4148.717000000001,0.7220001220703125,0.18400001525878906,2
1.9311308999999997,0.96666956,0.9644613000000001,-1.0811309088256849,4070.23,0.6589999198913574,0.30900001525878906,2
1.2007093,0.6826544,0.51805496,0.5318230886232982,4837.325,0.4869999885559082,0.11800003051757812,2
1.5170856000000001,0.81087923,0.7062063000000001,-0.1325144777249463,4331.29,0.6380000114440918,0.2109999656677246,2
0.45321274,0.5971589,-0.14394617,1.724031011339969,7846.5,0.12200021743774415,0.06299972534179688,2
1.1612396,0.67047596,0.49076366,0.6169927664160184,4956.98,0.505000114440918,0.1230001449584961,2
2.0586014,1.0146523,1.0439491,-1.3922347286566783,3906.9866,0.7729998826980591,0.23500001430511475,2
1.5667733999999998,0.83144283,0.7353306,-0.017097761147184087,4178.5034,0.6960000991821289,0.2759995460510254,2
1.2277917999999999,0.6901616999999999,0.5376301,0.5844833489385888,4797.532999999999,0.5130000114440918,0.14400005340576172,2
1.1829495,0.6719961,0.5109534,0.4643208538276795,4849.0,0.5230002403259277,0.11800003051757812,2
1.1359887,0.65074205,0.48524666,0.3655613787359542,4949.675,0.4520001411437988,0.14799976348876953,2
1.4141378,0.76885414,0.6452836999999999,-0.05546528164958176,4608.905,0.6229996681213379,0.1770000457763672,2
0.22891140000000001,0.15548468,0.07342672,1.390053244061075,8257.75,0.03800010681152344,0.08699989318847656,2
1.4049811,0.76863813,0.636343,-0.1974935287786046,4617.815,0.6669998168945312,0.16300010681152344,2
1.1399479,0.65361404,0.48633385,2.187801347242296,4923.1997,0.5349998474121094,0.06599998474121094,2
1.2700033000000002,0.7087984,0.5612049,0.8478139701960785,4802.8823,0.5210003852844238,0.1079998016357422,2
1.2367053,0.6965699000000001,0.5401354,0.21213215051453813,4929.0,0.5299997329711914,0.12600040435791016,2
1.1369696000000002,0.6517576999999999,0.48521185,0.6016357366742469,4924.1,0.5019998550415039,0.11500024795532228,2
1.3206987,0.73307896,0.5876198,-1.7752027315193413,4720.9,0.6079998016357422,0.14499998092651367,2
1.2364612,0.69501305,0.5414481,0.7376921434663402,4736.0,0.4260001182556152,0.2719998359680176,2
0.20320892,0.13832092,0.064888,2.0846829621497385,7998.6665,0.04199981689453125,0.03199958801269531,2
1.4780846,0.7969823,0.6811023,-0.3157123479232542,4351.7,0.6210002899169922,0.25099992752075195,2
1.49122,0.8023100000000001,0.68891,-0.6377253232935907,4376.56,0.9730000495910645,0.08500003814697266,2
1.2563381,0.7027278,0.5536103,0.6162607562223368,4756.665,0.44300031661987305,0.25499963760375977,2
1.154717,0.66002893,0.49468803,0.6512392373320246,4917.8,0.4770002365112305,0.13699960708618164,2
1.2485332,0.7008257,0.54770756,1.2351632895890958,4729.567,0.5419998168945312,0.15199995040893555,2
1.7561278000000002,0.9074278,0.84870005,-0.8476312445433933,4240.31,0.9730000495910645,0.1660001277923584,2
1.4259148000000001,0.7757702,0.6501446,-0.2776103785259689,4495.468,0.6909999847412109,0.1529998779296875,2
1.2470398,0.6996803,0.54735947,0.5452666275266704,4722.75,0.5410003662109375,0.13499975204467773,2
1.1978593000000002,0.6784005,0.5194588,0.5234661899264665,4851.3335,0.5209999084472656,0.1269998550415039,2
1.2094755,0.6851286999999999,0.5243468000000001,0.9102425374041516,4729.17,0.5069999694824219,0.19099998474121094,2
1.1630135,0.66045284,0.5025606,0.2954837362861227,4880.687,0.5079998970031738,0.09999990463256836,2
1.1954198,0.6752329,0.5201869,0.5063420737403828,4829.75,0.4899997711181641,0.1680002212524414,2
1.2042651000000002,0.68960047,0.51466465,0.4656767282122552,4841.2803,0.4840002059936523,0.15399980545043945,2
1.3100753,0.7269788,0.5830965,1.0162938598204292,4691.2324,0.7699999809265137,0.23000001907348636,2
1.1950631,0.6760191999999999,0.5190439,0.5526683945086095,4837.6665,0.4699997901916504,0.1360001564025879,2
1.2586856000000002,0.70564795,0.55303764,0.008652153732979784,4721.3335,0.5030002593994141,0.21799993515014648,2
1.3141798999999998,0.729383,0.5847969,-0.5914468152244101,4762.0,0.5620002746582031,0.15399980545043945,2
1.456274,0.78768826,0.6685858,-0.0131428956527877,4432.795,0.6500000953674316,0.16699981689453125,2
0.12806130000000002,0.10096741,0.027093887,1.4614272940113882,9120.667,0.05700016021728516,0.039999961853027344,2
1.1233106000000002,0.6461768,0.47713375,0.4269449235738634,4981.05,0.4749999046325684,0.15700006484985352,2
1.5330977,0.8168988,0.7161989000000001,-0.4601664937085168,4185.8896,0.6630001068115234,0.19999980926513672,2
1.1060633999999998,0.6376376,0.46842575,-0.6063752382850609,5003.5,0.41900014877319336,0.1640000343322754,2
1.3896903999999999,0.75891304,0.63077736,0.9467227642414588,4547.765,0.5909996032714844,0.18000030517578125,2
0.60282135,0.37866497,0.22415638,1.8285460208493407,6411.1,0.21000003814697266,0.06299972534179688,2
1.4112487,0.7686571999999999,0.6425915,-0.9035674940416474,4668.7334,0.6640000343322754,0.1360001564025879,2
0.89699364,0.5333661999999999,0.36362743,3.377279943015268,5498.5,0.3400001525878906,0.037999629974365234,2
1.3754625,0.7540455,0.62141705,0.7037945575272141,4551.65,0.5789999961853027,0.1919999122619629,2
1.1707077,0.6653142,0.5053935,1.301860313314176,4821.0,0.4499998092651367,0.1979999542236328,2
1.5613923,0.83189535,0.72949696,-1.8351889363103384,4204.925,0.9099998474121094,0.06299996376037598,2
1.2051187,0.68205166,0.5230670000000001,1.3003814887960452,4771.0,0.4069995880126953,0.02300024032592773,2
1.499279,0.80659294,0.6926861,-0.3660202449779817,4303.61,0.6349997520446777,0.26000022888183594,2
1.1813202,0.66926956,0.5120505999999999,0.7696450721269308,4853.2,0.4609999656677246,0.14800024032592773,2
1.5781827,0.8372383,0.7409444000000001,-0.2403445350681537,4340.0024,0.6240000724792479,0.32700014114379883,2
1.245048,0.7001548000000001,0.54489326,0.6377598712496706,4736.6196,0.5460000038146973,0.10900020599365234,2
1.6973486,0.88230944,0.81503916,-0.6848347294360266,4046.25,0.9689998626708984,0.1789999008178711,2
